n,pos,pos_rate,tp,fp,fn,tn,precision,recall,f1,ap,brier,pred_pos,pred_rate,slice_var,slice_value,delta_f1_global,fp_rate_among_neg,fn_rate_among_pos
5455,1863,0.3415215398716774,1781,2178,82,1414,0.4498610760293003,0.955984970477724,0.6118172449330127,0.7058635980829108,0.1616211407801509,3959,0.725756186984418,priority,CRITICAL,0.0369777070639497,0.606347438752784,0.0440150295222759
2548,739,0.2900313971742543,437,700,302,1109,0.3843447669305189,0.591339648173207,0.4658848614072494,0.5700398523020938,0.19037941761482,1137,0.4462323390894819,priority,MAJOR,-0.1089546764618135,0.3869541182974019,0.4086603518267929
109,28,0.2568807339449541,21,43,7,38,0.328125,0.75,0.4565217391304347,0.5949942416824736,0.1862065130520551,64,0.5871559633027523,priority,MINOR,-0.1183177987386281,0.5308641975308642,0.25
7390,2270,0.3071718538565629,1879,2674,391,2446,0.4126949264221392,0.8277533039647577,0.5507841125604572,0.5873089205412814,0.1763912875241835,4553,0.6161028416779432,type_of_incident,FIBRA,-0.0240554253086057,0.522265625,0.1722466960352422
722,360,0.4986149584487535,360,247,0,115,0.5930807248764415,1.0,0.7445708376421923,0.9665204143007892,0.1156440085280371,607,0.8407202216066482,type_of_incident,MICROWAVE,0.1697312997731294,0.6823204419889503,0.0
482,197,0.4087136929460581,192,193,5,92,0.4987012987012987,0.9746192893401016,0.6597938144329897,0.7089696534543088,0.1902492372264204,385,0.7987551867219918,trouble_type,ATTENUATION,0.0849542765639267,0.6771929824561403,0.0253807106598984
449,213,0.4743875278396436,212,142,1,94,0.5988700564971752,0.9953051643192488,0.7477954144620811,0.92347048403863,0.1230195897716011,354,0.7884187082405345,trouble_type,BAD PERFORMANCE,0.1729558765930181,0.6016949152542372,0.0046948356807511
7181,2220,0.3091491435733184,1835,2586,385,2375,0.4150644650531554,0.8265765765765766,0.552627616322843,0.6159095785752119,0.1726905251093685,4421,0.6156524160980364,trouble_type,LINK DOWN,-0.0222119215462199,0.521265873815763,0.1734234234234234
128,35,0.2734375,35,71,0,22,0.330188679245283,1.0,0.4964539007092198,0.3808776499102519,0.2305663566789447,106,0.828125,incident_type,ATTENUATION NEAR TO THRESHOLD,-0.078385637159843,0.7634408602150538,0.0
319,81,0.2539184952978056,80,162,1,76,0.3305785123966942,0.9876543209876544,0.4953560371517028,0.4915112966037567,0.1944881573606403,242,0.7586206896551724,incident_type,ATTENUATION OVER THRESHOLD,-0.0794835007173601,0.680672268907563,0.0123456790123456
4640,1313,0.2829741379310345,923,2053,390,1274,0.3101478494623655,0.7029702970297029,0.4304033574259734,0.3219378618543129,0.2170227761152131,2976,0.6413793103448275,incident_type,CABLE BROKEN ACCESS,-0.1444361804430895,0.6170724376314999,0.297029702970297
2049,788,0.3845778428501708,788,263,0,998,0.7497621313035204,1.0,0.8569874932028276,0.9611645834271584,0.0774604506962354,1051,0.5129331381161543,incident_type,CABLE BROKEN BACKBONE,0.2821479553337647,0.2085646312450436,0.0
976,413,0.423155737704918,413,372,0,191,0.5261146496815287,1.0,0.6894824707846411,0.9302862810928816,0.1329612996483961,785,0.8043032786885246,incident_type,IN SITE,0.1146429329155781,0.6607460035523979,0.0
229,59,0.2576419213973799,48,131,11,39,0.2681564245810056,0.8135593220338984,0.4033613445378151,0.2948559931704911,0.2381742422534853,179,0.7816593886462883,network_type,AGG-AGG,-0.1714781933312478,0.7705882352941177,0.1864406779661017
1010,276,0.2732673267326733,210,504,66,230,0.2941176470588235,0.7608695652173914,0.4242424242424242,0.3019501101816806,0.2238791722539658,714,0.7069306930693069,network_type,AGG-SRT,-0.1505971136266387,0.6866485013623979,0.2391304347826087
166,66,0.3975903614457831,61,72,5,28,0.4586466165413533,0.9242424242424242,0.6130653266331658,0.5941379416500886,0.2242662339738239,133,0.8012048192771084,network_type,CA-CP-AGG,0.0382257887641028,0.72,0.0757575757575757
2419,835,0.3451839603141794,835,420,0,1164,0.6653386454183267,1.0,0.7990430622009569,0.884615324420601,0.0863383347191623,1255,0.5188094253823894,network_type,DWDM,0.2242035243318939,0.2651515151515151,0.0
3544,1025,0.2892212189616253,716,1538,309,981,0.3176574977817213,0.6985365853658536,0.4367185117413845,0.3276873775792323,0.2181314270748269,2254,0.6360045146726863,network_type,SRT-SRT,-0.1381210261276784,0.610559745930925,0.3014634146341463
744,369,0.4959677419354839,369,256,0,119,0.5904,1.0,0.7424547283702213,0.9631671516375652,0.1172423648251482,625,0.8400537634408602,network_type,VIBA,0.1676151905011583,0.6826666666666666,0.0
236,62,0.2627118644067797,58,90,4,84,0.3918918918918919,0.935483870967742,0.5523809523809524,0.7274197998143204,0.1278022352703087,148,0.6271186440677966,branch_id,BRANCH_001,-0.0224585854881105,0.5172413793103449,0.064516129032258
212,52,0.2452830188679245,46,84,6,76,0.3538461538461538,0.8846153846153846,0.5054945054945055,0.6312880661151209,0.1465001827068553,130,0.6132075471698113,branch_id,BRANCH_002,-0.0693450323745574,0.525,0.1153846153846153
152,55,0.3618421052631579,51,35,4,62,0.5930232558139535,0.9272727272727272,0.723404255319149,0.8479987973484342,0.1169997392503259,86,0.5657894736842105,branch_id,BRANCH_003,0.148564717450086,0.3608247422680412,0.0727272727272727
275,101,0.3672727272727272,90,79,11,95,0.5325443786982249,0.8910891089108911,0.6666666666666666,0.8009833944906402,0.1475164824927414,169,0.6145454545454545,branch_id,BRANCH_004,0.0918271287976036,0.4540229885057471,0.1089108910891089
243,72,0.2962962962962963,61,98,11,73,0.3836477987421384,0.8472222222222222,0.5281385281385281,0.736725181852153,0.1525530095152178,159,0.654320987654321,branch_id,BRANCH_005,-0.0467010097305348,0.5730994152046783,0.1527777777777778
268,81,0.3022388059701492,76,91,5,96,0.4550898203592814,0.9382716049382716,0.6129032258064516,0.7820859255521644,0.1341661893796302,167,0.6231343283582089,branch_id,BRANCH_011,0.0380636879373886,0.4866310160427807,0.0617283950617283
250,52,0.208,44,98,8,100,0.3098591549295774,0.8461538461538461,0.4536082474226804,0.72689531245043,0.1192875948339502,142,0.568,branch_id,BRANCH_013,-0.1212312904463825,0.494949494949495,0.1538461538461538
232,85,0.3663793103448275,74,87,11,60,0.4596273291925465,0.8705882352941177,0.6016260162601627,0.7522342663368415,0.1710752946479485,161,0.6939655172413793,branch_id,BRANCH_017,0.0267864783910997,0.5918367346938775,0.1294117647058823
123,43,0.3495934959349593,38,47,5,33,0.4470588235294118,0.8837209302325582,0.59375,0.7221487581731177,0.1688553313082936,85,0.6910569105691057,branch_id,BRANCH_018,0.018910462130937,0.5875,0.1162790697674418
405,140,0.345679012345679,110,143,30,122,0.4347826086956521,0.7857142857142857,0.5597964376590331,0.6132647506402334,0.1901794286217292,253,0.6246913580246913,branch_id,BRANCH_019,-0.0150431002100298,0.539622641509434,0.2142857142857142
238,56,0.2352941176470588,46,94,10,88,0.3285714285714285,0.8214285714285714,0.4693877551020408,0.5662387105173003,0.1559024828631818,140,0.5882352941176471,branch_id,BRANCH_020,-0.1054517827670221,0.5164835164835165,0.1785714285714285
232,54,0.2327586206896551,47,120,7,58,0.281437125748503,0.8703703703703703,0.4253393665158371,0.5741646993446914,0.166475771575585,167,0.7198275862068966,branch_id,BRANCH_023,-0.1495001713532258,0.6741573033707865,0.1296296296296296
180,52,0.2888888888888888,44,64,8,64,0.4074074074074074,0.8461538461538461,0.55,0.5935176753676872,0.1872520662959258,108,0.6,branch_id,BRANCH_024,-0.0248395378690629,0.5,0.1538461538461538
217,60,0.2764976958525346,55,90,5,67,0.3793103448275862,0.9166666666666666,0.5365853658536586,0.6645712545404169,0.1556452446311196,145,0.6682027649769585,branch_id,BRANCH_025,-0.0382541720154043,0.5732484076433121,0.0833333333333333
579,224,0.386873920552677,183,197,41,158,0.481578947368421,0.8169642857142857,0.6059602649006622,0.5742239932831564,0.2196802513036995,380,0.6563039723661486,branch_id,BRANCH_026,0.0311207270315992,0.5549295774647888,0.1830357142857142
264,110,0.4166666666666667,89,107,21,47,0.4540816326530612,0.8090909090909091,0.5816993464052288,0.5657888288610071,0.2325189384366912,196,0.7424242424242424,branch_id,BRANCH_027,0.0068598085361658,0.6948051948051948,0.1909090909090909
137,43,0.3138686131386861,26,53,17,41,0.3291139240506329,0.6046511627906976,0.4262295081967213,0.4448268690694281,0.2106567425936088,79,0.5766423357664233,branch_id,BRANCH_028,-0.1486100296723416,0.5638297872340425,0.3953488372093023
429,169,0.3939393939393939,130,131,39,129,0.4980842911877394,0.7692307692307693,0.6046511627906976,0.5647960997388464,0.2233453598730798,261,0.6083916083916084,branch_id,BRANCH_029,0.0298116249216346,0.5038461538461538,0.2307692307692307
107,33,0.308411214953271,27,29,6,45,0.4821428571428571,0.8181818181818182,0.6067415730337079,0.6958611095057285,0.1576761061238868,56,0.5233644859813084,branch_id,BRANCH_030,0.0319020351646449,0.3918918918918919,0.1818181818181818
264,104,0.3939393939393939,94,90,10,70,0.5108695652173914,0.903846153846154,0.6527777777777778,0.7430061534512766,0.1720776379129759,184,0.696969696969697,branch_id,BRANCH_032,0.0779382399087148,0.5625,0.0961538461538461
162,71,0.4382716049382716,59,61,12,30,0.4916666666666666,0.8309859154929577,0.6178010471204188,0.7506481801017546,0.2035853105415289,120,0.7407407407407407,branch_id,BRANCH_033,0.0429615092513558,0.6703296703296703,0.1690140845070422
258,58,0.2248062015503876,49,139,9,61,0.2606382978723404,0.8448275862068966,0.3983739837398374,0.31149185173119,0.1928282820594395,188,0.7286821705426356,branch_id,BRANCH_034,-0.1764655541292255,0.695,0.1551724137931034
661,188,0.2844175491679274,152,263,36,210,0.3662650602409638,0.8085106382978723,0.5041459369817579,0.570439919815521,0.1769210993716018,415,0.6278366111951589,branch_id,BRANCH_035,-0.070693600887305,0.5560253699788583,0.1914893617021276
162,50,0.3086419753086419,42,67,8,45,0.3853211009174312,0.84,0.5283018867924528,0.6787676564189242,0.175760891993512,109,0.6728395061728395,branch_id,BRANCH_037,-0.0465376510766101,0.5982142857142857,0.16
644,262,0.4068322981366459,219,148,43,234,0.5967302452316077,0.8358778625954199,0.6963434022257552,0.7723686805880363,0.1709489540936106,367,0.5698757763975155,branch_id,BRANCH_038,0.1215038643566922,0.387434554973822,0.1641221374045801
138,57,0.4130434782608695,52,42,5,39,0.5531914893617021,0.912280701754386,0.6887417218543046,0.8237105094848876,0.151216181221332,94,0.6811594202898551,branch_id,BRANCH_040,0.1139021839852416,0.5185185185185185,0.087719298245614
557,161,0.289048473967684,158,153,3,243,0.5080385852090032,0.9813664596273292,0.6694915254237288,0.8130031760757508,0.101077071775053,311,0.5583482944344704,branch_id,BRANCH_041,0.0946519875546658,0.3863636363636363,0.0186335403726708
208,44,0.2115384615384615,38,97,6,67,0.2814814814814815,0.8636363636363636,0.4245810055865922,0.5297352970165962,0.1716818996276754,135,0.6490384615384616,branch_id,BRANCH_042,-0.1502585322824707,0.5914634146341463,0.1363636363636363
269,144,0.5353159851301115,130,94,14,31,0.5803571428571429,0.9027777777777778,0.7065217391304348,0.7517125942761478,0.219452972994867,224,0.8327137546468402,reason_group,ATTENUATION LINK DOWN,0.1316822012613718,0.752,0.0972222222222222
291,76,0.2611683848797251,69,87,7,128,0.4423076923076923,0.9078947368421052,0.5948275862068966,0.8002259850000774,0.1099952592420313,156,0.5360824742268041,reason_group,BIG TRUCK CRASH POLE,0.0199880483378336,0.4046511627906977,0.0921052631578947
1099,291,0.2647861692447679,242,453,49,355,0.3482014388489208,0.8316151202749141,0.4908722109533469,0.5148790097264792,0.1667256010094324,695,0.632393084622384,reason_group,BIG TRUCK CUT THE CABLE,-0.083967326915716,0.5606435643564357,0.1683848797250859
342,108,0.3157894736842105,66,84,42,150,0.44,0.6111111111111112,0.5116279069767442,0.5356411589329169,0.195651913322192,150,0.4385964912280701,reason_group,BROKEN CABLE INSIDE,-0.0632116308923187,0.358974358974359,0.3888888888888889
748,257,0.3435828877005347,201,252,56,239,0.4437086092715231,0.7821011673151751,0.5661971830985916,0.5028016163699471,0.2100767296062467,453,0.6056149732620321,reason_group,BROKEN CABLE INSIDE MUFA,-0.0086423547704713,0.5132382892057027,0.2178988326848249
179,32,0.1787709497206704,27,64,5,83,0.2967032967032967,0.84375,0.4390243902439024,0.3293037327049652,0.1407796103359999,91,0.5083798882681564,reason_group,BURNED CABLE,-0.1358151476251605,0.4353741496598639,0.15625
140,64,0.4571428571428571,61,54,3,22,0.5304347826086957,0.953125,0.6815642458100558,0.7457628629583153,0.2000178385265462,115,0.8214285714285714,reason_group,CABLE ATTENUATED INSIDE,0.1067247079409928,0.7105263157894737,0.046875
297,114,0.3838383838383838,104,116,10,67,0.4727272727272727,0.912280701754386,0.6227544910179641,0.6316696502321547,0.1964720775200674,220,0.7407407407407407,reason_group,CABLE ATTENUATED INSIDE MUFA,0.0479149531489011,0.6338797814207651,0.087719298245614
278,70,0.2517985611510791,59,130,11,78,0.3121693121693121,0.8428571428571429,0.4555984555984556,0.4222974679225166,0.1748213192586042,189,0.6798561151079137,reason_group,CABLE BITTEN BY A RODENT,-0.1192410822706073,0.625,0.1571428571428571
124,27,0.2177419354838709,24,58,3,39,0.2926829268292683,0.8888888888888888,0.4403669724770642,0.5356393363658909,0.1543001213215792,82,0.6612903225806451,reason_group,CABLE BITTEN BY AN ANTS,-0.1344725653919987,0.5979381443298969,0.1111111111111111
83,39,0.4698795180722891,39,26,0,18,0.6,1.0,0.75,0.9423376520388704,0.1372709849176458,65,0.7831325301204819,reason_group,CONFIGURATION PROBLEM,0.175160462130937,0.5909090909090909,0.0
83,29,0.3493975903614458,29,33,0,21,0.4677419354838709,1.0,0.6373626373626373,0.8622890007233583,0.1328632618262657,62,0.7469879518072289,reason_group,CONNECTOR DAMAGE,0.0625230994935743,0.6111111111111112,0.0
510,283,0.5549019607843138,255,171,28,56,0.5985915492957746,0.901060070671378,0.7193229901269393,0.8412253667795903,0.1933341210402685,426,0.8352941176470589,reason_group,EQUIPMENT DAMAGE,0.1444834522578764,0.7533039647577092,0.0989399293286219
284,81,0.2852112676056338,72,131,9,72,0.354679802955665,0.8888888888888888,0.5070422535211268,0.6523354434585845,0.181554093382279,203,0.7147887323943662,reason_group,EQUIPMENT FREEZE,-0.0677972843479362,0.645320197044335,0.1111111111111111
640,171,0.2671875,160,226,11,243,0.4145077720207253,0.935672514619883,0.5745062836624776,0.6660048254459182,0.1371091291825848,386,0.603125,reason_group,INCIDENT BELONG TO PARTNER,-0.0003332542065853,0.4818763326226012,0.0643274853801169
75,49,0.6533333333333333,49,18,0,8,0.7313432835820896,1.0,0.8448275862068966,0.9981103552532123,0.066863688319781,67,0.8933333333333333,reason_group,LOW RECEPTION,0.2699880483378336,0.6923076923076923,0.0
269,67,0.2490706319702602,45,98,22,104,0.3146853146853147,0.6716417910447762,0.4285714285714285,0.5064871408475282,0.170016108497172,143,0.5315985130111525,reason_group,MISSING,-0.1462681092976344,0.4851485148514851,0.3283582089552239
107,36,0.3364485981308411,34,57,2,14,0.3736263736263736,0.9444444444444444,0.5354330708661418,0.7574784049935765,0.1753899986433709,91,0.8504672897196262,reason_group,NATURAL CALAMITY,-0.0394064670029211,0.8028169014084507,0.0555555555555555
324,113,0.3487654320987654,90,112,23,99,0.4455445544554455,0.7964601769911505,0.5714285714285714,0.5501393426444091,0.2074128251588426,202,0.6234567901234568,reason_group,"PATCHCORD, PIGTAIL, COOPLER DAMAGED",-0.0034109664404915,0.5308056872037915,0.2035398230088495
973,275,0.2826310380267214,203,279,72,419,0.4211618257261411,0.7381818181818182,0.5363276089828269,0.5853642505555533,0.1654551585759102,482,0.4953751284686536,reason_group,PEOPLE DAMAGE CABLE,-0.038511928886236,0.3997134670487106,0.2618181818181818
84,29,0.3452380952380952,29,27,0,28,0.5178571428571429,1.0,0.6823529411764706,0.7951284335620357,0.1398915176287069,56,0.6666666666666666,reason_group,PEOPLE PRUNED TREES AND CUT CABLE,0.1075134033074076,0.4909090909090909,0.0
64,14,0.21875,10,23,4,27,0.303030303030303,0.7142857142857143,0.425531914893617,0.4973834065528417,0.1595527199815975,33,0.515625,reason_group,PEOPLE STOLEN OUR HADWARE OF FIBER CABLE,-0.1493076229754459,0.46,0.2857142857142857
162,40,0.2469135802469135,36,56,4,66,0.391304347826087,0.9,0.5454545454545454,0.7110326356190774,0.1276938534122243,92,0.5679012345679012,reason_group,POLE FELL DOWN,-0.0293849924145175,0.4590163934426229,0.1
180,51,0.2833333333333333,46,84,5,45,0.3538461538461538,0.9019607843137256,0.5082872928176796,0.5347256830979986,0.1826826082540202,130,0.7222222222222222,reason_group,TICKET WRONG,-0.0665522450513833,0.6511627906976745,0.0980392156862745
146,35,0.2397260273972602,32,59,3,52,0.3516483516483517,0.9142857142857144,0.5079365079365079,0.6660483667556072,0.138444308658971,91,0.6232876712328768,reason_group,TREE FELL DOWN OVER CABLE,-0.066903029932555,0.5315315315315315,0.0857142857142857
1145,327,0.285589519650655,213,207,114,611,0.5071428571428571,0.6513761467889908,0.570281124497992,0.7213254006973366,0.1375309332573316,420,0.3668122270742358,year,2024,-0.0045584133710709,0.2530562347188264,0.3486238532110092
5094,1683,0.3303886925795053,1406,1830,277,1581,0.434487021013597,0.8354129530600118,0.5716609066883513,0.6416584160896635,0.181033293506939,3236,0.635257165292501,year,2025,-0.0031786311807115,0.5364995602462621,0.1645870469399881
1873,620,0.3310197544046983,620,884,0,369,0.4122340425531915,1.0,0.583804143126177,0.7076122257556197,0.1641057518723797,1504,0.802989855846236,year,2026,0.008964605257114,0.7055067837190743,0.0
2869,953,0.3321714883234576,953,1619,0,297,0.3705287713841368,1.0,0.540709219858156,0.6464873594169773,0.2046420112865987,2572,0.8964796096200767,quarter,1,-0.0341303180109069,0.8449895615866388,0.0
1506,587,0.3897742363877822,475,470,112,449,0.5026455026455027,0.8091993185689949,0.6201044386422977,0.7302478778372712,0.1834440750293834,945,0.6274900398406374,quarter,2,0.0452649007732347,0.5114254624591947,0.1908006814310051
1305,378,0.2896551724137931,253,175,125,752,0.5911214953271028,0.6693121693121693,0.6277915632754343,0.7532041819118265,0.1381809906985465,428,0.3279693486590038,quarter,3,0.0529520254063713,0.1887810140237324,0.3306878306878307
2432,712,0.2927631578947368,558,657,154,1063,0.4592592592592592,0.7837078651685393,0.5791385573430202,0.7336379518105087,0.1411659904292158,1215,0.4995888157894737,quarter,4,0.0042990194739572,0.3819767441860465,0.2162921348314606
991,313,0.3158425832492432,313,569,0,109,0.354875283446712,1.0,0.5238493723849372,0.6090247680682459,0.2049456216026044,882,0.8900100908173562,month,1,-0.0509901654841257,0.8392330383480826,0.0
876,286,0.3264840182648402,286,511,0,79,0.3588456712672522,1.0,0.5281625115420129,0.6583000185982125,0.2101007944972408,797,0.9098173515981736,month,2,-0.04667702632705,0.8661016949152542,0.0
1002,354,0.3532934131736527,354,539,0,109,0.3964165733482643,1.0,0.5677626303127506,0.6735120864518012,0.1995693846242391,893,0.8912175648702595,month,3,-0.0070769075563122,0.8317901234567902,0.0
808,291,0.3601485148514851,291,348,0,169,0.4553990610328638,1.0,0.6258064516129033,0.7194527104967647,0.1682621162742155,639,0.7908415841584159,month,4,0.0509669137438403,0.6731141199226306,0.0
349,121,0.3467048710601719,101,88,20,140,0.5343915343915344,0.8347107438016529,0.6516129032258065,0.7805940325398841,0.1544842873003546,189,0.5415472779369628,month,5,0.0767733653567435,0.3859649122807017,0.1652892561983471
349,175,0.501432664756447,83,34,92,140,0.7094017094017094,0.4742857142857143,0.5684931506849316,0.7762121245330357,0.2475529248620674,117,0.335243553008596,month,6,-0.0063463871841313,0.1954022988505747,0.5257142857142857
380,125,0.3289473684210526,83,42,42,213,0.664,0.664,0.664,0.7933730131420553,0.1527254669102908,125,0.3289473684210526,month,7,0.089160462130937,0.1647058823529411,0.336
461,151,0.3275488069414317,100,63,51,247,0.6134969325153374,0.6622516556291391,0.6369426751592356,0.7564414522325842,0.1524335426495911,163,0.3535791757049891,month,8,0.0621031372901726,0.2032258064516129,0.3377483443708609
464,102,0.2198275862068965,70,70,32,292,0.5,0.6862745098039216,0.5785123966942148,0.724375041496836,0.1121091643841189,140,0.3017241379310345,month,9,0.0036728588251518,0.1933701657458563,0.3137254901960784
695,186,0.2676258992805755,132,121,54,388,0.5217391304347826,0.7096774193548387,0.6013667425968109,0.732099473128124,0.1318414324814281,253,0.3640287769784173,month,10,0.0265272047277479,0.2377210216110019,0.2903225806451613
908,277,0.3050660792951541,220,259,57,372,0.4592901878914405,0.7942238267148014,0.582010582010582,0.7525304895104801,0.1409661820123699,479,0.5275330396475771,month,11,0.007171044141519,0.410459587955626,0.2057761732851985
829,249,0.3003618817852834,206,277,43,303,0.4265010351966873,0.8273092369477911,0.5628415300546448,0.7162628767805582,0.1492021711484058,483,0.5826296743063932,month,12,-0.0119980078144181,0.4775862068965517,0.1726907630522088
163,43,0.263803680981595,43,98,0,22,0.3049645390070922,1.0,0.4673913043478261,0.6844462409891553,0.1767315177271644,141,0.8650306748466258,week_of_year,1,-0.1074482335212368,0.8166666666666667,0.0
239,73,0.3054393305439331,73,136,0,30,0.3492822966507177,1.0,0.5177304964539007,0.570618272128943,0.2097037033867509,209,0.8744769874476988,week_of_year,2,-0.0571090414151622,0.8192771084337349,0.0
230,69,0.3,69,139,0,22,0.3317307692307692,1.0,0.4981949458483754,0.6187058161256435,0.2021374696102282,208,0.9043478260869564,week_of_year,3,-0.0766445920206875,0.8633540372670807,0.0
203,64,0.3152709359605911,64,115,0,24,0.3575418994413408,1.0,0.5267489711934157,0.6259305348873931,0.1914359817494795,179,0.8817733990147784,week_of_year,4,-0.0480905666756472,0.8273381294964028,0.0
248,82,0.3306451612903225,82,142,0,24,0.3660714285714285,1.0,0.5359477124183006,0.5777870814687639,0.220540986160707,224,0.9032258064516128,week_of_year,5,-0.0388918254507623,0.8554216867469879,0.0
227,67,0.2951541850220264,67,141,0,19,0.3221153846153846,1.0,0.4872727272727272,0.5684437997170465,0.2131984813587244,208,0.9162995594713657,week_of_year,6,-0.0875668105963357,0.88125,0.0
222,64,0.2882882882882883,64,132,0,26,0.3265306122448979,1.0,0.4923076923076923,0.6891651380898217,0.2160397466089819,196,0.8828828828828829,week_of_year,7,-0.0825318455613706,0.8354430379746836,0.0
211,85,0.4028436018957346,85,113,0,13,0.4292929292929293,1.0,0.6007067137809188,0.6980119223675216,0.2106792232433466,198,0.9383886255924172,week_of_year,8,0.0258671759118558,0.8968253968253969,0.0
224,83,0.3705357142857143,83,119,0,22,0.4108910891089108,1.0,0.5824561403508772,0.7218770783786013,0.1906695400172023,202,0.9017857142857144,week_of_year,9,0.0076166024818142,0.8439716312056738,0.0
220,74,0.3363636363636363,74,125,0,21,0.371859296482412,1.0,0.5421245421245421,0.7196929014228537,0.1936968981576705,199,0.9045454545454544,week_of_year,10,-0.0327149957445208,0.8561643835616438,0.0
227,95,0.4185022026431718,95,109,0,23,0.4656862745098039,1.0,0.6354515050167224,0.6704730056071383,0.2158041786316399,204,0.8986784140969163,week_of_year,11,0.0606119671476594,0.8257575757575758,0.0
217,65,0.2995391705069124,65,120,0,32,0.3513513513513513,1.0,0.52,0.5818543836913599,0.2034708861050323,185,0.8525345622119815,week_of_year,12,-0.0548395378690629,0.7894736842105263,0.0
234,84,0.358974358974359,84,131,0,19,0.3906976744186046,1.0,0.5618729096989966,0.7025797659202154,0.1891068661504656,215,0.9188034188034188,week_of_year,13,-0.0129666281700663,0.8733333333333333,0.0
222,73,0.3288288288288288,73,108,0,41,0.4033149171270718,1.0,0.5748031496062992,0.6591954159826547,0.1741617097592135,181,0.8153153153153153,week_of_year,14,-3.638826276375351e-05,0.7248322147651006,0.0
201,81,0.4029850746268656,81,82,0,38,0.4969325153374233,1.0,0.6639344262295082,0.706695347702583,0.1812853962468034,163,0.8109452736318408,week_of_year,15,0.0890948883604452,0.6833333333333333,0.0
237,87,0.3670886075949367,87,96,0,54,0.4754098360655737,1.0,0.6444444444444445,0.7680621246567871,0.1627348739783363,183,0.7721518987341772,week_of_year,16,0.0696049065753815,0.64,0.0
168,52,0.3095238095238095,52,84,0,32,0.3823529411764705,1.0,0.5531914893617021,0.7226205021738541,0.160615139447793,136,0.8095238095238095,week_of_year,17,-0.0216480485073607,0.7241379310344828,0.0
89,29,0.3258426966292135,29,31,0,29,0.4833333333333333,1.0,0.651685393258427,0.7968490462831752,0.1413256988572962,60,0.6741573033707865,week_of_year,18,0.076845855389364,0.5166666666666667,0.0
79,30,0.379746835443038,30,27,0,22,0.5263157894736842,1.0,0.6896551724137931,0.8486448485574595,0.1527762444256987,57,0.7215189873417721,week_of_year,19,0.1148156345447302,0.5510204081632653,0.0
72,30,0.4166666666666667,26,20,4,22,0.5652173913043478,0.8666666666666667,0.6842105263157895,0.7667794280103851,0.1861146383542619,46,0.6388888888888888,week_of_year,20,0.1093709884467265,0.4761904761904761,0.1333333333333333
81,28,0.345679012345679,19,13,9,40,0.59375,0.6785714285714286,0.6333333333333333,0.7996635680937217,0.1519908322561655,32,0.3950617283950617,week_of_year,21,0.0584937954642703,0.2452830188679245,0.3214285714285714
76,21,0.2763157894736842,13,9,8,46,0.5909090909090909,0.6190476190476191,0.6046511627906976,0.683605682004212,0.1432283747193867,22,0.2894736842105263,week_of_year,22,0.0298116249216346,0.1636363636363636,0.3809523809523809
82,33,0.4024390243902439,18,3,15,46,0.8571428571428571,0.5454545454545454,0.6666666666666666,0.8016076909227883,0.1732000160583018,21,0.2560975609756097,week_of_year,23,0.0918271287976036,0.0612244897959183,0.4545454545454545
85,41,0.4823529411764706,22,8,19,36,0.7333333333333333,0.5365853658536586,0.6197183098591549,0.8237150721707048,0.2103060860076991,30,0.3529411764705882,week_of_year,24,0.0448787719900919,0.1818181818181818,0.4634146341463415
84,51,0.6071428571428571,25,12,26,21,0.6756756756756757,0.4901960784313725,0.5681818181818182,0.7977433166878298,0.3085099304248184,37,0.4404761904761904,week_of_year,25,-0.0066577196872447,0.3636363636363636,0.5098039215686274
76,39,0.5131578947368421,15,10,24,27,0.6,0.3846153846153846,0.46875,0.6763160560444109,0.2940806703632434,25,0.3289473684210526,week_of_year,26,-0.1060895378690629,0.2702702702702703,0.6153846153846154
84,38,0.4523809523809524,18,4,20,42,0.8181818181818182,0.4736842105263157,0.6,0.806507518266453,0.2182993789396372,22,0.2619047619047619,week_of_year,27,0.025160462130937,0.0869565217391304,0.5263157894736842
83,29,0.3493975903614458,17,9,12,45,0.6538461538461539,0.5862068965517241,0.6181818181818182,0.774052614025015,0.1668610775319982,26,0.3132530120481928,week_of_year,28,0.0433422803127552,0.1666666666666666,0.4137931034482758
87,30,0.3448275862068966,24,15,6,42,0.6153846153846154,0.8,0.6956521739130435,0.8158710222795788,0.1619951928345823,39,0.4482758620689655,week_of_year,29,0.1208126360439805,0.2631578947368421,0.2
95,26,0.2736842105263158,18,10,8,59,0.6428571428571429,0.6923076923076923,0.6666666666666666,0.8086726961074961,0.1243889448211389,28,0.2947368421052631,week_of_year,30,0.0918271287976036,0.144927536231884,0.3076923076923077
103,33,0.3203883495145631,19,10,14,60,0.6551724137931034,0.5757575757575758,0.6129032258064516,0.7543091695034183,0.1617330361423693,29,0.2815533980582524,week_of_year,31,0.0380636879373886,0.1428571428571428,0.4242424242424242
102,28,0.2745098039215686,17,20,11,54,0.4594594594594595,0.6071428571428571,0.5230769230769231,0.7171585377318769,0.1401017567035063,37,0.3627450980392157,week_of_year,32,-0.0517626147921398,0.2702702702702703,0.3928571428571428
96,31,0.3229166666666667,20,6,11,59,0.7692307692307693,0.6451612903225806,0.7017543859649122,0.8022895150426002,0.145156385838826,26,0.2708333333333333,week_of_year,33,0.1269148480958493,0.0923076923076923,0.3548387096774194
110,48,0.4363636363636363,35,16,13,46,0.6862745098039216,0.7291666666666666,0.7070707070707071,0.8227619419476522,0.1825425180845054,51,0.4636363636363636,week_of_year,34,0.1322311692016441,0.2580645161290322,0.2708333333333333
95,21,0.2210526315789473,16,16,5,58,0.5,0.7619047619047619,0.6037735849056604,0.7378310295470745,0.1074806717799239,32,0.3368421052631579,week_of_year,35,0.0289340470365974,0.2162162162162162,0.238095238095238
106,20,0.1886792452830188,12,16,8,70,0.4285714285714285,0.6,0.5,0.6285988185526777,0.1060262502192911,28,0.2641509433962264,week_of_year,36,-0.0748395378690629,0.1860465116279069,0.4
110,27,0.2454545454545454,19,12,8,71,0.6129032258064516,0.7037037037037037,0.6551724137931034,0.768051960731968,0.1246214543236129,31,0.2818181818181818,week_of_year,37,0.0803328759240404,0.144578313253012,0.2962962962962963
112,25,0.2232142857142857,17,13,8,74,0.5666666666666667,0.68,0.6181818181818182,0.7622763518638686,0.1061076085884553,30,0.2678571428571428,week_of_year,38,0.0433422803127552,0.1494252873563218,0.32
104,25,0.2403846153846154,17,13,8,66,0.5666666666666667,0.68,0.6181818181818182,0.7387946433716874,0.1171050134750378,30,0.2884615384615384,week_of_year,39,0.0433422803127552,0.1645569620253164,0.32
93,21,0.2258064516129032,17,21,4,51,0.4473684210526316,0.8095238095238095,0.576271186440678,0.8150734252707938,0.1031754851340048,38,0.4086021505376344,week_of_year,40,0.001431648571615,0.2916666666666667,0.1904761904761904
108,28,0.2592592592592592,19,10,9,70,0.6551724137931034,0.6785714285714286,0.6666666666666666,0.8200479627374437,0.1096376344434434,29,0.2685185185185185,week_of_year,41,0.0918271287976036,0.125,0.3214285714285714
192,52,0.2708333333333333,41,40,11,100,0.5061728395061729,0.7884615384615384,0.6165413533834586,0.7311691360731498,0.1341162430102037,81,0.421875,week_of_year,42,0.0417018155143956,0.2857142857142857,0.2115384615384615
202,49,0.2425742574257425,26,36,23,117,0.4193548387096774,0.5306122448979592,0.4684684684684684,0.6216473313059429,0.1410193778327177,62,0.3069306930693069,week_of_year,43,-0.1063710694005944,0.2352941176470588,0.4693877551020408
194,58,0.2989690721649484,47,47,11,89,0.5,0.8103448275862069,0.618421052631579,0.7498407043204043,0.141309027384727,94,0.4845360824742268,week_of_year,44,0.043581514762516,0.3455882352941176,0.1896551724137931
219,78,0.3561643835616438,55,41,23,100,0.5729166666666666,0.7051282051282052,0.632183908045977,0.7869359305192521,0.1488780535189046,96,0.4383561643835616,week_of_year,45,0.057344370176914,0.2907801418439716,0.2948717948717949
199,54,0.271356783919598,44,64,10,81,0.4074074074074074,0.8148148148148148,0.5432098765432098,0.731773843266031,0.1323803521489973,108,0.542713567839196,week_of_year,46,-0.0316296613258531,0.4413793103448276,0.1851851851851851
227,75,0.3303964757709251,64,63,11,89,0.5039370078740157,0.8533333333333334,0.6336633663366337,0.8149417716170662,0.1395064889421937,127,0.5594713656387665,week_of_year,47,0.0588238284675707,0.4144736842105263,0.1466666666666666
216,58,0.2685185185185185,47,77,11,81,0.3790322580645161,0.8103448275862069,0.5164835164835165,0.6623681595145408,0.1463767012713631,124,0.5740740740740741,week_of_year,48,-0.0583560213855464,0.4873417721518987,0.1896551724137931
205,64,0.3121951219512195,54,68,10,73,0.4426229508196721,0.84375,0.5806451612903226,0.7388831715084898,0.1502859328555943,122,0.5951219512195122,week_of_year,49,0.0058056234212596,0.4822695035460992,0.15625
198,59,0.2979797979797979,46,67,13,72,0.4070796460176991,0.7796610169491526,0.5348837209302325,0.6886349126687669,0.1545896171493236,113,0.5707070707070707,week_of_year,50,-0.0399558169388304,0.4820143884892086,0.2203389830508474
197,70,0.3553299492385787,58,57,12,70,0.5043478260869565,0.8285714285714286,0.6270270270270271,0.7778877262314506,0.1576741644146434,115,0.583756345177665,week_of_year,51,0.0521874891579641,0.4488188976377952,0.1714285714285714
158,40,0.2531645569620253,34,47,6,71,0.419753086419753,0.85,0.5619834710743802,0.6646156906049555,0.1405440057033831,81,0.5126582278481012,week_of_year,52,-0.0128560667946827,0.3983050847457627,0.15
1238,415,0.3352180936995153,356,452,59,371,0.4405940594059406,0.8578313253012049,0.5821749795584628,0.6799802301405707,0.1704362280338937,808,0.6526655896607432,day_of_week,0,0.0073354416893998,0.5492102065613609,0.1421686746987951
1232,367,0.2978896103896103,313,481,54,384,0.3942065491183879,0.8528610354223434,0.5391903531438416,0.6341271307388074,0.1665666293719487,794,0.6444805194805194,day_of_week,1,-0.0356491847252213,0.5560693641618497,0.1471389645776566
1322,425,0.321482602118003,376,467,49,430,0.4460260972716489,0.8847058823529412,0.5930599369085173,0.6673906828838764,0.1687894435056605,843,0.6376701966717095,day_of_week,2,0.0182203990394543,0.5206243032329989,0.1152941176470588
1229,393,0.3197721724979658,335,436,58,400,0.4345006485084306,0.8524173027989822,0.5756013745704467,0.660049459662455,0.1707782170402167,771,0.6273393002441009,day_of_week,3,0.0007618367013837,0.5215311004784688,0.1475826972010178
1161,384,0.330749354005168,313,425,71,352,0.4241192411924119,0.8151041666666666,0.5579322638146168,0.6761628362562611,0.1705825971169087,738,0.6356589147286822,day_of_week,4,-0.0169072740544461,0.546975546975547,0.1848958333333333
1038,344,0.3314065510597302,286,345,58,349,0.4532488114104596,0.8313953488372093,0.5866666666666667,0.6435222546737578,0.1754348034884383,631,0.6078998073217726,day_of_week,5,0.0118271287976037,0.4971181556195965,0.1686046511627907
892,302,0.3385650224215246,260,315,42,275,0.4521739130434782,0.8609271523178808,0.5929304446978335,0.6492664666249532,0.1767294360292806,575,0.6446188340807175,day_of_week,6,0.0180909068287705,0.5338983050847458,0.1390728476821192
8112,2630,0.3242110453648915,2239,2921,391,2561,0.4339147286821705,0.8513307984790874,0.5748395378690629,0.6597358455229672,0.1709845400592898,5160,0.636094674556213,hour_bin,00-05_madrugada,0.0,0.5328347318496899,0.1486692015209125
6182,1984,0.320931737301844,1693,2261,291,1937,0.4281740010116338,0.8533266129032258,0.5702256652071405,0.6641326097757143,0.1694083801361763,3954,0.6395988353283727,dow_type,weekday,-0.0046138726619224,0.53858980466889,0.1466733870967742
1930,646,0.3347150259067357,546,660,100,624,0.4527363184079602,0.8452012383900929,0.5896328293736501,0.6461993564325229,0.1760331517922887,1206,0.6248704663212435,dow_type,weekend,0.0147932915045871,0.514018691588785,0.1547987616099071
8112,2630,0.3242110453648915,2239,2921,391,2561,0.4339147286821705,0.8513307984790874,0.5748395378690629,0.6597358455229672,0.1709845400592898,5160,0.636094674556213,night_type,night,0.0,0.5328347318496899,0.1486692015209125
4952,1426,0.2879644588045234,1035,2247,391,1279,0.3153564899451554,0.7258064516129032,0.4396771452846219,0.330820991612653,0.2203394272811936,3282,0.6627625201938611,duration_missing,duration_missing,-0.135162392584441,0.6372660238230289,0.2741935483870967
3160,1204,0.3810126582278481,1204,674,0,1282,0.6411075612353567,1.0,0.781310837118754,0.8987520779003648,0.0936410585647115,1878,0.5943037974683544,duration_missing,duration_present,0.2064712992496911,0.3445807770961145,0.0
4952,1426,0.2879644588045234,1035,2247,391,1279,0.3153564899451554,0.7258064516129032,0.4396771452846219,0.330820991612653,0.2203394272811936,3282,0.6627625201938611,duration_bin,missing,-0.135162392584441,0.6372660238230289,0.2741935483870967
1324,505,0.3814199395770393,505,357,0,462,0.58584686774942,1.0,0.7388441843452817,0.7791359871055961,0.1267801373341633,862,0.6510574018126888,duration_bin,4-12h,0.1640046464762187,0.4358974358974359,0.0
486,309,0.6358024691358025,309,176,0,1,0.6371134020618556,1.0,0.7783375314861462,0.8887689904577374,0.1605210769283411,485,0.9979423868312756,duration_bin,12-48h,0.2034979936170832,0.9943502824858758,0.0
411,390,0.948905109489051,390,21,0,0,0.948905109489051,1.0,0.9737827715355806,0.9752407342772724,0.0722263765579683,411,1.0,duration_bin,>48h,0.3989432336665176,1.0,0.0
