mode,batch_size,iteration,batch_latency_ms,per_record_ms
actual_cold_load_each_call,1,0,10.534263,10.534263
actual_cold_load_each_call,1,1,10.208752,10.208752
actual_cold_load_each_call,1,2,11.525392,11.525392
actual_cold_load_each_call,1,3,11.143729,11.143729
actual_cold_load_each_call,1,4,12.059226,12.059226
actual_cold_load_each_call,1,5,9.101117,9.101117
actual_cold_load_each_call,1,6,10.043704,10.043704
actual_cold_load_each_call,1,7,10.578339,10.578339
actual_cold_load_each_call,1,8,10.787883,10.787883
actual_cold_load_each_call,1,9,12.188647,12.188647
actual_cold_load_each_call,1,10,11.61166,11.61166
actual_cold_load_each_call,1,11,9.994902,9.994902
actual_cold_load_each_call,1,12,10.116743,10.116743
actual_cold_load_each_call,1,13,9.104426,9.104426
actual_cold_load_each_call,1,14,11.952333,11.952333
actual_cold_load_each_call,1,15,13.03259,13.03259
actual_cold_load_each_call,1,16,9.789533,9.789533
actual_cold_load_each_call,1,17,10.073914,10.073914
actual_cold_load_each_call,1,18,11.716714,11.716714
actual_cold_load_each_call,1,19,12.467652,12.467652
actual_cold_load_each_call,1,20,9.569504,9.569504
actual_cold_load_each_call,1,21,11.513904,11.513904
actual_cold_load_each_call,1,22,9.752003,9.752003
actual_cold_load_each_call,1,23,9.219372,9.219372
actual_cold_load_each_call,1,24,12.312128,12.312128
actual_cold_load_each_call,1,25,11.029468,11.029468
actual_cold_load_each_call,1,26,10.052257,10.052257
actual_cold_load_each_call,1,27,11.835119,11.835119
actual_cold_load_each_call,1,28,12.308387,12.308387
actual_cold_load_each_call,1,29,10.641891,10.641891
actual_cold_load_each_call,1,30,9.606172,9.606172
actual_cold_load_each_call,1,31,9.088509,9.088509
actual_cold_load_each_call,1,32,10.421572,10.421572
actual_cold_load_each_call,1,33,8.826251,8.826251
actual_cold_load_each_call,1,34,12.365972,12.365972
actual_cold_load_each_call,1,35,10.273263,10.273263
actual_cold_load_each_call,1,36,10.801393,10.801393
actual_cold_load_each_call,1,37,10.746916,10.746916
actual_cold_load_each_call,1,38,9.886547,9.886547
actual_cold_load_each_call,1,39,11.446916,11.446916
actual_cold_load_each_call,1,40,10.788113,10.788113
actual_cold_load_each_call,1,41,11.336387,11.336387
actual_cold_load_each_call,1,42,10.394857,10.394857
actual_cold_load_each_call,1,43,8.960148,8.960148
actual_cold_load_each_call,1,44,9.87542,9.87542
actual_cold_load_each_call,1,45,9.998672,9.998672
actual_cold_load_each_call,1,46,11.723975,11.723975
actual_cold_load_each_call,1,47,11.181443,11.181443
actual_cold_load_each_call,1,48,10.783571,10.783571
actual_cold_load_each_call,1,49,10.428231,10.428231
actual_cold_load_each_call,1,50,9.240243,9.240243
actual_cold_load_each_call,1,51,9.370074,9.370074
actual_cold_load_each_call,1,52,9.839182,9.839182
actual_cold_load_each_call,1,53,10.222548,10.222548
actual_cold_load_each_call,1,54,10.275856,10.275856
actual_cold_load_each_call,1,55,12.381961,12.381961
actual_cold_load_each_call,1,56,10.828027,10.828027
actual_cold_load_each_call,1,57,10.144858,10.144858
actual_cold_load_each_call,1,58,11.859245,11.859245
actual_cold_load_each_call,1,59,12.031268,12.031268
actual_cold_load_each_call,1,60,10.450304,10.450304
actual_cold_load_each_call,1,61,10.54932,10.54932
actual_cold_load_each_call,1,62,9.007138,9.007138
actual_cold_load_each_call,1,63,8.483806,8.483806
actual_cold_load_each_call,1,64,9.386188,9.386188
actual_cold_load_each_call,1,65,10.616124,10.616124
actual_cold_load_each_call,1,66,9.359999,9.359999
actual_cold_load_each_call,1,67,8.802777,8.802777
actual_cold_load_each_call,1,68,9.372157,9.372157
actual_cold_load_each_call,1,69,8.603728,8.603728
actual_cold_load_each_call,1,70,9.684739,9.684739
actual_cold_load_each_call,1,71,10.489887,10.489887
actual_cold_load_each_call,1,72,9.721033,9.721033
actual_cold_load_each_call,1,73,8.340875,8.340875
actual_cold_load_each_call,1,74,8.475818,8.475818
actual_cold_load_each_call,1,75,9.526094,9.526094
actual_cold_load_each_call,1,76,10.30575,10.30575
actual_cold_load_each_call,1,77,9.607781,9.607781
actual_cold_load_each_call,1,78,8.896755,8.896755
actual_cold_load_each_call,1,79,10.126181,10.126181
actual_warm,1,0,7.980273,7.980273
actual_warm,1,1,8.126788,8.126788
actual_warm,1,2,6.832278,6.832278
actual_warm,1,3,7.586911,7.586911
actual_warm,1,4,7.083068,7.083068
actual_warm,1,5,7.34901,7.34901
actual_warm,1,6,8.029746,8.029746
actual_warm,1,7,9.917242,9.917242
actual_warm,1,8,9.294112,9.294112
actual_warm,1,9,8.12748,8.12748
actual_warm,1,10,7.256343,7.256343
actual_warm,1,11,7.798224,7.798224
actual_warm,1,12,7.948996,7.948996
actual_warm,1,13,8.321937,8.321937
actual_warm,1,14,7.014626,7.014626
actual_warm,1,15,7.581153,7.581153
actual_warm,1,16,7.39692,7.39692
actual_warm,1,17,8.633868,8.633868
actual_warm,1,18,8.204944,8.204944
actual_warm,1,19,7.923759,7.923759
actual_warm,1,20,9.942529,9.942529
actual_warm,1,21,8.751111,8.751111
actual_warm,1,22,9.442001,9.442001
actual_warm,1,23,8.468794,8.468794
actual_warm,1,24,8.284181,8.284181
actual_warm,1,25,9.513887,9.513887
actual_warm,1,26,8.906239,8.906239
actual_warm,1,27,8.331231,8.331231
actual_warm,1,28,9.705309,9.705309
actual_warm,1,29,9.424615,9.424615
actual_warm,1,30,9.31309,9.31309
actual_warm,1,31,8.767024,8.767024
actual_warm,1,32,10.001316,10.001316
actual_warm,1,33,8.624133,8.624133
actual_warm,1,34,8.111516,8.111516
actual_warm,1,35,11.136968,11.136968
actual_warm,1,36,8.984375,8.984375
actual_warm,1,37,8.361596,8.361596
actual_warm,1,38,7.94481,7.94481
actual_warm,1,39,8.768866,8.768866
actual_warm,1,40,8.116994,8.116994
actual_warm,1,41,9.322785,9.322785
actual_warm,1,42,7.175244,7.175244
actual_warm,1,43,9.277853,9.277853
actual_warm,1,44,8.498557,8.498557
actual_warm,1,45,9.206372,9.206372
actual_warm,1,46,8.036425,8.036425
actual_warm,1,47,7.697254,7.697254
actual_warm,1,48,7.606481,7.606481
actual_warm,1,49,8.592817,8.592817
actual_warm,1,50,9.117943,9.117943
actual_warm,1,51,9.15669,9.15669
actual_warm,1,52,9.071173,9.071173
actual_warm,1,53,9.01492,9.01492
actual_warm,1,54,7.324013,7.324013
actual_warm,1,55,8.397278,8.397278
actual_warm,1,56,9.24469,9.24469
actual_warm,1,57,11.234638,11.234638
actual_warm,1,58,7.261291,7.261291
actual_warm,1,59,7.061726,7.061726
actual_warm,1,60,7.779986,7.779986
actual_warm,1,61,8.769248,8.769248
actual_warm,1,62,8.038188,8.038188
actual_warm,1,63,9.054518,9.054518
actual_warm,1,64,9.196498,9.196498
actual_warm,1,65,10.652002,10.652002
actual_warm,1,66,8.840884,8.840884
actual_warm,1,67,8.131766,8.131766
actual_warm,1,68,8.025329,8.025329
actual_warm,1,69,6.853649,6.853649
actual_warm,1,70,7.28106,7.28106
actual_warm,1,71,7.549987,7.549987
actual_warm,1,72,8.846912,8.846912
actual_warm,1,73,8.368856,8.368856
actual_warm,1,74,8.535532,8.535532
actual_warm,1,75,9.591621,9.591621
actual_warm,1,76,8.33013,8.33013
actual_warm,1,77,6.871225,6.871225
actual_warm,1,78,6.72546,6.72546
actual_warm,1,79,7.147112,7.147112
actual_warm,1,80,7.056799,7.056799
actual_warm,1,81,9.091283,9.091283
actual_warm,1,82,9.361391,9.361391
actual_warm,1,83,7.813917,7.813917
actual_warm,1,84,8.076455,8.076455
actual_warm,1,85,7.765595,7.765595
actual_warm,1,86,9.237103,9.237103
actual_warm,1,87,8.155592,8.155592
actual_warm,1,88,9.47521,9.47521
actual_warm,1,89,8.423577,8.423577
actual_warm,1,90,8.897256,8.897256
actual_warm,1,91,10.242503,10.242503
actual_warm,1,92,9.094388,9.094388
actual_warm,1,93,10.925602,10.925602
actual_warm,1,94,10.258907,10.258907
actual_warm,1,95,9.419828,9.419828
actual_warm,1,96,9.850603,9.850603
actual_warm,1,97,9.268034,9.268034
actual_warm,1,98,9.376965,9.376965
actual_warm,1,99,9.267733,9.267733
actual_warm,1,100,9.297427,9.297427
actual_warm,1,101,9.503722,9.503722
actual_warm,1,102,9.443944,9.443944
actual_warm,1,103,9.300361,9.300361
actual_warm,1,104,9.314483,9.314483
actual_warm,1,105,9.226462,9.226462
actual_warm,1,106,9.445846,9.445846
actual_warm,1,107,10.124258,10.124258
actual_warm,1,108,8.649655,8.649655
actual_warm,1,109,8.20196,8.20196
actual_warm,1,110,9.316405,9.316405
actual_warm,1,111,8.782547,8.782547
actual_warm,1,112,9.711308,9.711308
actual_warm,1,113,8.264642,8.264642
actual_warm,1,114,9.488389,9.488389
actual_warm,1,115,8.049475,8.049475
actual_warm,1,116,8.832977,8.832977
actual_warm,1,117,9.141507,9.141507
actual_warm,1,118,9.584741,9.584741
actual_warm,1,119,9.404766,9.404766
actual_warm,1,120,9.279431,9.279431
actual_warm,1,121,9.238431,9.238431
actual_warm,1,122,10.790817,10.790817
actual_warm,1,123,7.706549,7.706549
actual_warm,1,124,7.704545,7.704545
actual_warm,1,125,7.627632,7.627632
actual_warm,1,126,7.274491,7.274491
actual_warm,1,127,9.751152,9.751152
actual_warm,1,128,9.67213,9.67213
actual_warm,1,129,8.674167,8.674167
actual_warm,1,130,7.535506,7.535506
actual_warm,1,131,7.984649,7.984649
actual_warm,1,132,9.645381,9.645381
actual_warm,1,133,10.228837,10.228837
actual_warm,1,134,10.100914,10.100914
actual_warm,1,135,8.795496,8.795496
actual_warm,1,136,8.806492,8.806492
actual_warm,1,137,7.615985,7.615985
actual_warm,1,138,10.199289,10.199289
actual_warm,1,139,9.776965,9.776965
actual_warm,1,140,7.250435,7.250435
actual_warm,1,141,7.792771,7.792771
actual_warm,1,142,9.094097,9.094097
actual_warm,1,143,8.6557,8.6557
actual_warm,1,144,7.040755,7.040755
actual_warm,1,145,8.300941,8.300941
actual_warm,1,146,7.092051,7.092051
actual_warm,1,147,8.344541,8.344541
actual_warm,1,148,8.832131,8.832131
actual_warm,1,149,8.762848,8.762848
actual_warm,1,150,7.891842,7.891842
actual_warm,1,151,9.302255,9.302255
actual_warm,1,152,9.190379,9.190379
actual_warm,1,153,10.062967,10.062967
actual_warm,1,154,8.653977,8.653977
actual_warm,1,155,9.780581,9.780581
actual_warm,1,156,10.016929,10.016929
actual_warm,1,157,9.485706,9.485706
actual_warm,1,158,10.230514,10.230514
actual_warm,1,159,9.069079,9.069079
actual_warm,1,160,7.812083,7.812083
actual_warm,1,161,8.265187,8.265187
actual_warm,1,162,8.901342,8.901342
actual_warm,1,163,9.847689,9.847689
actual_warm,1,164,9.007289,9.007289
actual_warm,1,165,8.924656,8.924656
actual_warm,1,166,8.301787,8.301787
actual_warm,1,167,9.262936,9.262936
actual_warm,1,168,9.432787,9.432787
actual_warm,1,169,8.335957,8.335957
actual_warm,1,170,9.573174,9.573174
actual_warm,1,171,9.043061,9.043061
actual_warm,1,172,8.40544,8.40544
actual_warm,1,173,8.823958,8.823958
actual_warm,1,174,10.081354,10.081354
actual_warm,1,175,7.99252,7.99252
actual_warm,1,176,7.214532,7.214532
actual_warm,1,177,9.987665,9.987665
actual_warm,1,178,7.901186,7.901186
actual_warm,1,179,8.182341,8.182341
actual_warm,1,180,7.688581,7.688581
actual_warm,1,181,7.985891,7.985891
actual_warm,1,182,8.953609,8.953609
actual_warm,1,183,7.242302,7.242302
actual_warm,1,184,8.577695,8.577695
actual_warm,1,185,7.195563,7.195563
actual_warm,1,186,8.271572,8.271572
actual_warm,1,187,7.66732,7.66732
actual_warm,1,188,7.315921,7.315921
actual_warm,1,189,7.620812,7.620812
actual_warm,1,190,9.564541,9.564541
actual_warm,1,191,8.572757,8.572757
actual_warm,1,192,7.201462,7.201462
actual_warm,1,193,8.968902,8.968902
actual_warm,1,194,8.828234,8.828234
actual_warm,1,195,9.561888,9.561888
actual_warm,1,196,7.211828,7.211828
actual_warm,1,197,7.612889,7.612889
actual_warm,1,198,8.725292,8.725292
actual_warm,1,199,7.630736,7.630736
actual_warm,1,200,9.182392,9.182392
actual_warm,1,201,8.221328,8.221328
actual_warm,1,202,7.961625,7.961625
actual_warm,1,203,9.284718,9.284718
actual_warm,1,204,9.173543,9.173543
actual_warm,1,205,8.009946,8.009946
actual_warm,1,206,7.366046,7.366046
actual_warm,1,207,7.001317,7.001317
actual_warm,1,208,7.454596,7.454596
actual_warm,1,209,8.657707,8.657707
actual_warm,1,210,7.990357,7.990357
actual_warm,1,211,7.781429,7.781429
actual_warm,1,212,7.521935,7.521935
actual_warm,1,213,7.339866,7.339866
actual_warm,1,214,7.652839,7.652839
actual_warm,1,215,7.518501,7.518501
actual_warm,1,216,7.617407,7.617407
actual_warm,1,217,7.386035,7.386035
actual_warm,1,218,8.211052,8.211052
actual_warm,1,219,7.127994,7.127994
actual_warm,1,220,8.063324,8.063324
actual_warm,1,221,7.623255,7.623255
actual_warm,1,222,7.590016,7.590016
actual_warm,1,223,8.93097,8.93097
actual_warm,1,224,9.029061,9.029061
actual_warm,1,225,8.479268,8.479268
actual_warm,1,226,8.00593,8.00593
actual_warm,1,227,9.415431,9.415431
actual_warm,1,228,8.971395,8.971395
actual_warm,1,229,7.858502,7.858502
actual_warm,1,230,7.514945,7.514945
actual_warm,1,231,8.027752,8.027752
actual_warm,1,232,8.151024,8.151024
actual_warm,1,233,8.276009,8.276009
actual_warm,1,234,9.881889,9.881889
actual_warm,1,235,7.695812,7.695812
actual_warm,1,236,8.895709,8.895709
actual_warm,1,237,9.134396,9.134396
actual_warm,1,238,8.404579,8.404579
actual_warm,1,239,7.412714,7.412714
actual_warm,1,240,8.978816,8.978816
actual_warm,1,241,10.569294,10.569294
actual_warm,1,242,8.64286,8.64286
actual_warm,1,243,8.231874,8.231874
actual_warm,1,244,8.871888,8.871888
actual_warm,1,245,8.036185,8.036185
actual_warm,1,246,8.821169,8.821169
actual_warm,1,247,7.598308,7.598308
actual_warm,1,248,7.353777,7.353777
actual_warm,1,249,7.722562,7.722562
actual_warm,1,250,7.233269,7.233269
actual_warm,1,251,8.286454,8.286454
actual_warm,1,252,8.512288,8.512288
actual_warm,1,253,7.411132,7.411132
actual_warm,1,254,9.210934,9.210934
actual_warm,1,255,8.29667,8.29667
actual_warm,1,256,7.578399,7.578399
actual_warm,1,257,7.015568,7.015568
actual_warm,1,258,6.86108,6.86108
actual_warm,1,259,9.396513,9.396513
actual_warm,1,260,8.910219,8.910219
actual_warm,1,261,8.982842,8.982842
actual_warm,1,262,8.734926,8.734926
actual_warm,1,263,7.190766,7.190766
actual_warm,1,264,8.777309,8.777309
actual_warm,1,265,7.317524,7.317524
actual_warm,1,266,7.243004,7.243004
actual_warm,1,267,7.056138,7.056138
actual_warm,1,268,7.282843,7.282843
actual_warm,1,269,7.621693,7.621693
actual_warm,1,270,7.833205,7.833205
actual_warm,1,271,8.529944,8.529944
actual_warm,1,272,7.46413,7.46413
actual_warm,1,273,8.24966,8.24966
actual_warm,1,274,7.411011,7.411011
actual_warm,1,275,7.210606,7.210606
actual_warm,1,276,7.095115,7.095115
actual_warm,1,277,7.359526,7.359526
actual_warm,1,278,7.715801,7.715801
actual_warm,1,279,9.338852,9.338852
actual_warm,1,280,8.263931,8.263931
actual_warm,1,281,6.895561,6.895561
actual_warm,1,282,7.443535,7.443535
actual_warm,1,283,7.020635,7.020635
actual_warm,1,284,6.871935,6.871935
actual_warm,1,285,6.875862,6.875862
actual_warm,1,286,6.939716,6.939716
actual_warm,1,287,6.803805,6.803805
actual_warm,1,288,6.757437,6.757437
actual_warm,1,289,6.952905,6.952905
actual_warm,1,290,7.003971,7.003971
actual_warm,1,291,8.678588,8.678588
actual_warm,1,292,8.235479,8.235479
actual_warm,1,293,10.144307,10.144307
actual_warm,1,294,7.362429,7.362429
actual_warm,1,295,7.036228,7.036228
actual_warm,1,296,7.192979,7.192979
actual_warm,1,297,7.695562,7.695562
actual_warm,1,298,7.839324,7.839324
actual_warm,1,299,7.038762,7.038762
actual_warm,1,300,7.28797,7.28797
actual_warm,1,301,8.470446,8.470446
actual_warm,1,302,8.702619,8.702619
actual_warm,1,303,7.382109,7.382109
actual_warm,1,304,7.853545,7.853545
actual_warm,1,305,7.830891,7.830891
actual_warm,1,306,6.857704,6.857704
actual_warm,1,307,7.447125,7.447125
actual_warm,1,308,7.060724,7.060724
actual_warm,1,309,6.919165,6.919165
actual_warm,1,310,7.730899,7.730899
actual_warm,1,311,7.127383,7.127383
actual_warm,1,312,6.713462,6.713462
actual_warm,1,313,8.252114,8.252114
actual_warm,1,314,6.874289,6.874289
actual_warm,1,315,7.23346,7.23346
actual_warm,1,316,7.803732,7.803732
actual_warm,1,317,6.612452,6.612452
actual_warm,1,318,6.799339,6.799339
actual_warm,1,319,6.699981,6.699981
actual_warm,1,320,6.842433,6.842433
actual_warm,1,321,6.829232,6.829232
actual_warm,1,322,6.728954,6.728954
actual_warm,1,323,6.660934,6.660934
actual_warm,1,324,6.830945,6.830945
actual_warm,1,325,6.718409,6.718409
actual_warm,1,326,6.807531,6.807531
actual_warm,1,327,6.732049,6.732049
actual_warm,1,328,6.836624,6.836624
actual_warm,1,329,6.82765,6.82765
actual_warm,1,330,6.742115,6.742115
actual_warm,1,331,7.337744,7.337744
actual_warm,1,332,7.360847,7.360847
actual_warm,1,333,6.8744,6.8744
actual_warm,1,334,6.807701,6.807701
actual_warm,1,335,7.161113,7.161113
actual_warm,1,336,6.811146,6.811146
actual_warm,1,337,6.843895,6.843895
actual_warm,1,338,7.215162,7.215162
actual_warm,1,339,6.700843,6.700843
actual_warm,1,340,6.99015,6.99015
actual_warm,1,341,6.775353,6.775353
actual_warm,1,342,6.688865,6.688865
actual_warm,1,343,6.901018,6.901018
actual_warm,1,344,7.581493,7.581493
actual_warm,1,345,7.046153,7.046153
actual_warm,1,346,6.899847,6.899847
actual_warm,1,347,6.696356,6.696356
actual_warm,1,348,6.92881,6.92881
actual_warm,1,349,6.899857,6.899857
actual_warm,1,350,6.733361,6.733361
actual_warm,1,351,6.65743,6.65743
actual_warm,1,352,6.893257,6.893257
actual_warm,1,353,6.934528,6.934528
actual_warm,1,354,6.783505,6.783505
actual_warm,1,355,6.92855,6.92855
actual_warm,1,356,7.048076,7.048076
actual_warm,1,357,6.829724,6.829724
actual_warm,1,358,6.996349,6.996349
actual_warm,1,359,6.993225,6.993225
actual_warm,1,360,6.860949,6.860949
actual_warm,1,361,6.744467,6.744467
actual_warm,1,362,6.897574,6.897574
actual_warm,1,363,6.988978,6.988978
actual_warm,1,364,7.03778,7.03778
actual_warm,1,365,6.818937,6.818937
actual_warm,1,366,6.978834,6.978834
actual_warm,1,367,7.275242,7.275242
actual_warm,1,368,6.973215,6.973215
actual_warm,1,369,6.882671,6.882671
actual_warm,1,370,7.022377,7.022377
actual_warm,1,371,7.004481,7.004481
actual_warm,1,372,6.988558,6.988558
actual_warm,1,373,6.9227,6.9227
actual_warm,1,374,7.068035,7.068035
actual_warm,1,375,7.209614,7.209614
actual_warm,1,376,7.093163,7.093163
actual_warm,1,377,7.015448,7.015448
actual_warm,1,378,7.087995,7.087995
actual_warm,1,379,7.026284,7.026284
actual_warm,1,380,7.09826,7.09826
actual_warm,1,381,7.683785,7.683785
actual_warm,1,382,7.082857,7.082857
actual_warm,1,383,7.140802,7.140802
actual_warm,1,384,7.079582,7.079582
actual_warm,1,385,6.943001,6.943001
actual_warm,1,386,7.264295,7.264295
actual_warm,1,387,7.090168,7.090168
actual_warm,1,388,7.138539,7.138539
actual_warm,1,389,6.965143,6.965143
actual_warm,1,390,6.94251,6.94251
actual_warm,1,391,7.121374,7.121374
actual_warm,1,392,7.91067,7.91067
actual_warm,1,393,6.715104,6.715104
actual_warm,1,394,6.804576,6.804576
actual_warm,1,395,6.812578,6.812578
actual_warm,1,396,6.6645,6.6645
actual_warm,1,397,6.992444,6.992444
actual_warm,1,398,7.093432,7.093432
actual_warm,1,399,7.325465,7.325465
actual_warm,8,0,6.735865,0.841983125
actual_warm,8,1,7.071781,0.883972625
actual_warm,8,2,7.171508,0.8964385
actual_warm,8,3,7.019974,0.87749675
actual_warm,8,4,7.182324,0.8977905
actual_warm,8,5,6.858906,0.85736325
actual_warm,8,6,7.205979,0.900747375
actual_warm,8,7,8.325962,1.04074525
actual_warm,8,8,7.607031,0.950878875
actual_warm,8,9,7.836089,0.979511125
actual_warm,8,10,8.170452,1.0213065
actual_warm,8,11,7.205679,0.900709875
actual_warm,8,12,6.98332,0.872915
actual_warm,8,13,7.313458,0.91418225
actual_warm,8,14,7.923658,0.99045725
actual_warm,8,15,7.109977,0.888747125
actual_warm,8,16,6.920236,0.8650295
actual_warm,8,17,6.927734,0.86596675
actual_warm,8,18,6.789394,0.84867425
actual_warm,8,19,6.954207,0.869275875
actual_warm,8,20,6.828441,0.853555125
actual_warm,8,21,7.094244,0.8867805
actual_warm,8,22,6.931864,0.866483
actual_warm,8,23,7.082807,0.885350875
actual_warm,8,24,7.045151,0.880643875
actual_warm,8,25,7.20691,0.90086375
actual_warm,8,26,6.939566,0.86744575
actual_warm,8,27,6.891755,0.861469375
actual_warm,8,28,7.569806,0.94622575
actual_warm,8,29,7.466804,0.9333505
actual_warm,8,30,7.23395,0.90424375
actual_warm,8,31,7.217817,0.902227125
actual_warm,8,32,7.141553,0.892694125
actual_warm,8,33,7.326377,0.915797125
actual_warm,8,34,7.287469,0.910933625
actual_warm,8,35,7.185669,0.898208625
actual_warm,8,36,7.090528,0.886316
actual_warm,8,37,7.535365,0.941920625
actual_warm,8,38,8.745522,1.09319025
actual_warm,8,39,7.324704,0.915588
actual_warm,8,40,7.03062,0.8788275
actual_warm,8,41,7.006584,0.875823
actual_warm,8,42,7.202854,0.90035675
actual_warm,8,43,7.213349,0.901668625
actual_warm,8,44,7.858192,0.982274
actual_warm,8,45,7.272086,0.90901075
actual_warm,8,46,7.137768,0.892221
actual_warm,8,47,7.133772,0.8917215
actual_warm,8,48,7.133242,0.89165525
actual_warm,8,49,7.128505,0.891063125
actual_warm,8,50,7.072833,0.884104125
actual_warm,8,51,7.089627,0.886203375
actual_warm,8,52,6.984512,0.873064
actual_warm,8,53,6.825747,0.853218375
actual_warm,8,54,6.995549,0.874443625
actual_warm,8,55,6.952415,0.869051875
actual_warm,8,56,7.180852,0.8976065
actual_warm,8,57,7.042848,0.880356
actual_warm,8,58,7.058742,0.88234275
actual_warm,8,59,7.141113,0.892639125
actual_warm,8,60,7.089937,0.886242125
actual_warm,8,61,7.038542,0.87981775
actual_warm,8,62,7.121133,0.890141625
actual_warm,8,63,7.291294,0.91141175
actual_warm,8,64,6.873017,0.859127125
actual_warm,8,65,7.055577,0.881947125
actual_warm,8,66,6.835792,0.854474
actual_warm,8,67,6.720182,0.84002275
actual_warm,8,68,7.054776,0.881847
actual_warm,8,69,6.737427,0.842178375
actual_warm,8,70,6.672521,0.834065125
actual_warm,8,71,7.094184,0.886773
actual_warm,8,72,6.879617,0.859952125
actual_warm,8,73,6.767501,0.845937625
actual_warm,8,74,6.726031,0.840753875
actual_warm,8,75,6.750436,0.8438045
actual_warm,8,76,6.878435,0.859804375
actual_warm,8,77,7.175714,0.89696425
actual_warm,8,78,7.059553,0.882444125
actual_warm,8,79,7.081284,0.8851605
actual_warm,8,80,7.271796,0.9089745
actual_warm,8,81,7.043459,0.880432375
actual_warm,8,82,7.169125,0.896140625
actual_warm,8,83,7.490859,0.936357375
actual_warm,8,84,7.236735,0.904591875
actual_warm,8,85,7.036138,0.87951725
actual_warm,8,86,7.137398,0.89217475
actual_warm,8,87,7.259959,0.907494875
actual_warm,8,88,7.196415,0.899551875
actual_warm,8,89,7.166951,0.895868875
actual_warm,8,90,7.271706,0.90896325
actual_warm,8,91,7.203275,0.900409375
actual_warm,8,92,7.363241,0.920405125
actual_warm,8,93,7.708641,0.963580125
actual_warm,8,94,7.400486,0.92506075
actual_warm,8,95,7.320488,0.915061
actual_warm,8,96,7.350312,0.918789
actual_warm,8,97,7.22716,0.903395
actual_warm,8,98,7.256454,0.90705675
actual_warm,8,99,7.489017,0.936127125
actual_warm,8,100,7.036248,0.879531
actual_warm,8,101,7.110838,0.88885475
actual_warm,8,102,7.137868,0.8922335
actual_warm,8,103,6.985484,0.8731855
actual_warm,8,104,6.906387,0.863298375
actual_warm,8,105,6.851616,0.856452
actual_warm,8,106,7.056478,0.88205975
actual_warm,8,107,7.163827,0.895478375
actual_warm,8,108,7.051901,0.881487625
actual_warm,8,109,7.176966,0.89712075
actual_warm,8,110,7.21416,0.90177
actual_warm,8,111,7.195263,0.899407875
actual_warm,8,112,7.257976,0.907247
actual_warm,8,113,7.09164,0.886455
actual_warm,8,114,7.089437,0.886179625
actual_warm,8,115,7.181392,0.897674
actual_warm,8,116,7.242974,0.90537175
actual_warm,8,117,7.24043,0.90505375
actual_warm,8,118,7.198278,0.89978475
actual_warm,8,119,7.08483,0.88560375
actual_warm,8,120,7.142666,0.89283325
actual_warm,8,121,7.224426,0.90305325
actual_warm,8,122,6.995268,0.8744085
actual_warm,8,123,6.955379,0.869422375
actual_warm,8,124,6.909,0.863625
actual_warm,8,125,7.046884,0.8808605
actual_warm,8,126,7.056188,0.8820235
actual_warm,8,127,7.157127,0.894640875
actual_warm,8,128,7.127964,0.8909955
actual_warm,8,129,7.084119,0.885514875
actual_warm,8,130,7.536817,0.942102125
actual_warm,8,131,7.063548,0.8829435
actual_warm,8,132,7.058071,0.882258875
actual_warm,8,133,7.510048,0.938756
actual_warm,8,134,7.298495,0.912311875
actual_warm,8,135,7.309963,0.913745375
actual_warm,8,136,8.068993,1.008624125
actual_warm,8,137,7.37642,0.9220525
actual_warm,8,138,7.212518,0.90156475
actual_warm,8,139,7.214561,0.901820125
actual_warm,8,140,7.239679,0.904959875
actual_warm,8,141,7.17987,0.89748375
actual_warm,8,142,7.178688,0.897336
actual_warm,8,143,7.19373,0.89921625
actual_warm,8,144,7.070499,0.883812375
actual_warm,8,145,7.021887,0.877735875
actual_warm,8,146,7.224216,0.903027
actual_warm,8,147,7.328279,0.916034875
actual_warm,8,148,7.387527,0.923440875
actual_warm,8,149,7.237326,0.90466575
actual_warm,8,150,7.198838,0.89985475
actual_warm,8,151,6.978383,0.872297875
actual_warm,8,152,7.178468,0.8973085
actual_warm,8,153,7.276413,0.909551625
actual_warm,8,154,7.094975,0.886871875
actual_warm,8,155,7.068506,0.88356325
actual_warm,8,156,6.899807,0.862475875
actual_warm,8,157,7.75546,0.9694325
actual_warm,8,158,7.601933,0.950241625
actual_warm,8,159,7.170447,0.896305875
actual_warm,8,160,6.954358,0.86929475
actual_warm,8,161,7.285366,0.91067075
actual_warm,8,162,6.815502,0.85193775
actual_warm,8,163,6.716656,0.839582
actual_warm,8,164,6.867209,0.858401125
actual_warm,8,165,6.808802,0.85110025
actual_warm,8,166,6.947527,0.868440875
actual_warm,8,167,6.94941,0.86867625
actual_warm,8,168,6.950582,0.86882275
actual_warm,8,169,6.923953,0.865494125
actual_warm,8,170,6.905816,0.863227
actual_warm,8,171,6.936862,0.86710775
actual_warm,8,172,7.11227,0.88903375
actual_warm,8,173,6.978533,0.872316625
actual_warm,8,174,7.018392,0.877299
actual_warm,8,175,6.84764,0.855955
actual_warm,8,176,6.948699,0.868587375
actual_warm,8,177,7.059733,0.882466625
actual_warm,8,178,7.015478,0.87693475
actual_warm,8,179,7.024741,0.878092625
actual_warm,8,180,6.936852,0.8671065
actual_warm,8,181,6.966405,0.870800625
actual_warm,8,182,6.895701,0.861962625
actual_warm,8,183,7.065591,0.883198875
actual_warm,8,184,6.906877,0.863359625
actual_warm,8,185,7.322175,0.915271875
actual_warm,8,186,7.310914,0.91386425
actual_warm,8,187,7.233109,0.904138625
actual_warm,8,188,7.035708,0.8794635
actual_warm,8,189,7.182805,0.897850625
actual_warm,8,190,7.194812,0.8993515
actual_warm,8,191,6.970861,0.871357625
actual_warm,8,192,7.525801,0.940725125
actual_warm,8,193,7.744654,0.96808175
actual_warm,8,194,6.963581,0.870447625
actual_warm,8,195,8.540149,1.067518625
actual_warm,8,196,7.872493,0.984061625
actual_warm,8,197,7.998108,0.9997635
actual_warm,8,198,7.127162,0.89089525
actual_warm,8,199,7.862207,0.982775875
actual_warm,8,200,7.751264,0.968908
actual_warm,8,201,7.257745,0.907218125
actual_warm,8,202,7.316011,0.914501375
actual_warm,8,203,7.333837,0.916729625
actual_warm,8,204,7.290273,0.911284125
actual_warm,8,205,7.506302,0.93828775
actual_warm,8,206,6.850474,0.85630925
actual_warm,8,207,6.96323,0.87040375
actual_warm,8,208,7.045292,0.8806615
actual_warm,8,209,6.991101,0.873887625
actual_warm,8,210,7.241592,0.905199
actual_warm,8,211,7.161943,0.895242875
actual_warm,8,212,7.254231,0.906778875
actual_warm,8,213,7.269293,0.908661625
actual_warm,8,214,7.401127,0.925140875
actual_warm,8,215,7.324323,0.915540375
actual_warm,8,216,7.149175,0.893646875
actual_warm,8,217,7.150928,0.893866
actual_warm,8,218,7.084229,0.885528625
actual_warm,8,219,6.855622,0.85695275
actual_warm,16,0,6.906146,0.431634125
actual_warm,16,1,6.965404,0.43533775
actual_warm,16,2,6.862021,0.4288763125
actual_warm,16,3,7.210506,0.450656625
actual_warm,16,4,6.889682,0.430605125
actual_warm,16,5,7.112441,0.4445275625
actual_warm,16,6,6.934738,0.433421125
actual_warm,16,7,6.889312,0.430582
actual_warm,16,8,6.960987,0.4350616875
actual_warm,16,9,6.847429,0.4279643125
actual_warm,16,10,6.84103,0.427564375
actual_warm,16,11,6.966635,0.4354146875
actual_warm,16,12,6.847239,0.4279524375
actual_warm,16,13,6.816534,0.426033375
actual_warm,16,14,6.879577,0.4299735625
actual_warm,16,15,6.893007,0.4308129375
actual_warm,16,16,6.822243,0.4263901875
actual_warm,16,17,6.873368,0.4295855
actual_warm,16,18,6.830825,0.4269265625
actual_warm,16,19,6.842042,0.427627625
actual_warm,16,20,6.886017,0.4303760625
actual_warm,16,21,6.763836,0.42273975
actual_warm,16,22,6.992865,0.4370540625
actual_warm,16,23,9.034999,0.5646874375
actual_warm,16,24,6.836062,0.427253875
actual_warm,16,25,6.936972,0.43356075
actual_warm,16,26,6.892827,0.4308016875
actual_warm,16,27,6.964973,0.4353108125
actual_warm,16,28,7.123237,0.4452023125
actual_warm,16,29,7.153612,0.44710075
actual_warm,16,30,6.841731,0.4276081875
actual_warm,16,31,6.747502,0.421718875
actual_warm,16,32,6.884685,0.4302928125
actual_warm,16,33,6.929761,0.4331100625
actual_warm,16,34,7.228843,0.4518026875
actual_warm,16,35,6.787321,0.4242075625
actual_warm,16,36,6.848041,0.4280025625
actual_warm,16,37,6.792228,0.42451425
actual_warm,16,38,6.950752,0.434422
actual_warm,16,39,7.349571,0.4593481875
actual_warm,16,40,6.840279,0.4275174375
actual_warm,16,41,6.856543,0.4285339375
actual_warm,16,42,6.819488,0.426218
actual_warm,16,43,6.871084,0.42944275
actual_warm,16,44,6.853068,0.42831675
actual_warm,16,45,6.818587,0.4261616875
actual_warm,16,46,6.794982,0.424686375
actual_warm,16,47,6.814871,0.4259294375
actual_warm,16,48,6.841511,0.4275944375
actual_warm,16,49,6.776705,0.4235440625
actual_warm,16,50,6.793179,0.4245736875
actual_warm,16,51,6.792449,0.4245280625
actual_warm,16,52,6.777997,0.4236248125
actual_warm,16,53,6.785999,0.4241249375
actual_warm,16,54,6.803114,0.425194625
actual_warm,16,55,6.822753,0.4264220625
actual_warm,16,56,6.768713,0.4230445625
actual_warm,16,57,6.814822,0.425926375
actual_warm,16,58,6.892856,0.4308035
actual_warm,16,59,6.74596,0.4216225
actual_warm,16,60,6.778067,0.4236291875
actual_warm,16,61,6.919776,0.432486
actual_warm,16,62,6.781833,0.4238645625
actual_warm,16,63,6.74599,0.421624375
actual_warm,16,64,6.843053,0.4276908125
actual_warm,16,65,7.171117,0.4481948125
actual_warm,16,66,6.878495,0.4299059375
actual_warm,16,67,6.768833,0.4230520625
actual_warm,16,68,6.822012,0.42637575
actual_warm,16,69,7.171858,0.448241125
actual_warm,16,70,6.858596,0.42866225
actual_warm,16,71,6.987136,0.436696
actual_warm,16,72,6.829833,0.4268645625
actual_warm,16,73,6.914908,0.43218175
actual_warm,16,74,6.783415,0.4239634375
actual_warm,16,75,6.785398,0.424087375
actual_warm,16,76,6.776965,0.4235603125
actual_warm,16,77,6.846107,0.4278816875
actual_warm,16,78,6.810405,0.4256503125
actual_warm,16,79,6.853779,0.4283611875
actual_warm,16,80,7.054685,0.4409178125
actual_warm,16,81,6.999354,0.437459625
actual_warm,16,82,7.067684,0.44173025
actual_warm,16,83,6.825106,0.426569125
actual_warm,16,84,6.774532,0.42340825
actual_warm,16,85,6.772589,0.4232868125
actual_warm,16,86,6.799849,0.4249905625
actual_warm,16,87,6.804496,0.425281
actual_warm,16,88,6.798598,0.424912375
actual_warm,16,89,6.752179,0.4220111875
actual_warm,16,90,6.799128,0.4249455
actual_warm,16,91,6.766179,0.4228861875
actual_warm,16,92,6.88858,0.43053625
actual_warm,16,93,7.327027,0.4579391875
actual_warm,16,94,6.914058,0.432128625
actual_warm,16,95,6.876712,0.4297945
actual_warm,16,96,7.151759,0.4469849375
actual_warm,16,97,6.964803,0.4353001875
actual_warm,16,98,6.780691,0.4237931875
actual_warm,16,99,6.767361,0.4229600625
actual_warm,16,100,6.819207,0.4262004375
actual_warm,16,101,6.866818,0.429176125
actual_warm,16,102,6.880418,0.430026125
actual_warm,16,103,6.783966,0.423997875
actual_warm,16,104,6.832367,0.4270229375
actual_warm,16,105,6.849072,0.428067
actual_warm,16,106,6.932955,0.4333096875
actual_warm,16,107,7.282982,0.455186375
actual_warm,16,108,7.167402,0.447962625
actual_warm,16,109,6.996209,0.4372630625
actual_warm,16,110,6.831156,0.42694725
actual_warm,16,111,6.910362,0.431897625
actual_warm,16,112,7.042137,0.4401335625
actual_warm,16,113,6.801352,0.4250845
actual_warm,16,114,6.809463,0.4255914375
actual_warm,16,115,9.12027,0.570016875
actual_warm,16,116,7.478001,0.4673750625
actual_warm,16,117,6.900178,0.431261125
actual_warm,16,118,7.262753,0.4539220625
actual_warm,16,119,7.005232,0.437827
actual_warm,16,120,7.535455,0.4709659375
actual_warm,16,121,7.222784,0.451424
actual_warm,16,122,6.97667,0.436041875
actual_warm,16,123,7.045042,0.440315125
actual_warm,16,124,6.968628,0.43553925
actual_warm,16,125,7.326177,0.4578860625
actual_warm,16,126,7.369951,0.4606219375
actual_warm,16,127,7.350773,0.4594233125
actual_warm,16,128,7.159941,0.4474963125
actual_warm,16,129,7.251516,0.45321975
actual_warm,16,130,7.372996,0.46081225
actual_warm,16,131,7.106352,0.444147
actual_warm,16,132,7.102696,0.4439185
actual_warm,16,133,7.200551,0.4500344375
actual_warm,16,134,7.103438,0.443964875
actual_warm,16,135,6.777867,0.4236166875
actual_warm,16,136,6.736686,0.421042875
actual_warm,16,137,6.757697,0.4223560625
actual_warm,16,138,7.722812,0.48267575
actual_warm,16,139,6.828902,0.426806375
actual_warm,16,140,6.851265,0.4282040625
actual_warm,16,141,6.919917,0.4324948125
actual_warm,16,142,6.933447,0.4333404375
actual_warm,16,143,6.78656,0.42416
actual_warm,16,144,6.806909,0.4254318125
actual_warm,16,145,6.740672,0.421292
actual_warm,16,146,6.798227,0.4248891875
actual_warm,16,147,6.851626,0.428226625
actual_warm,16,148,6.808121,0.4255075625
actual_warm,16,149,6.807701,0.4254813125
actual_warm,16,150,6.813029,0.4258143125
actual_warm,16,151,6.796504,0.4247815
actual_warm,16,152,6.820831,0.4263019375
actual_warm,16,153,6.806159,0.4253849375
actual_warm,16,154,6.855692,0.42848075
actual_warm,16,155,6.781121,0.4238200625
actual_warm,16,156,6.808742,0.425546375
actual_warm,16,157,6.772719,0.4232949375
actual_warm,16,158,7.222824,0.4514265
actual_warm,16,159,6.745809,0.4216130625
actual_warm,32,0,6.921149,0.21628590625
actual_warm,32,1,6.833118,0.2135349375
actual_warm,32,2,6.879457,0.21498303125
actual_warm,32,3,6.900728,0.21564775
actual_warm,32,4,7.119921,0.22249753125
actual_warm,32,5,6.991492,0.218484125
actual_warm,32,6,6.92212,0.21631625
actual_warm,32,7,6.913076,0.216033625
actual_warm,32,8,6.927698,0.2164905625
actual_warm,32,9,6.886837,0.21521365625
actual_warm,32,10,7.053814,0.2204316875
actual_warm,32,11,6.878355,0.21494859375
actual_warm,32,12,7.041666,0.2200520625
actual_warm,32,13,6.863784,0.21449325
actual_warm,32,14,6.893718,0.2154286875
actual_warm,32,15,6.883683,0.21511509375
actual_warm,32,16,6.925475,0.21642109375
actual_warm,32,17,6.865496,0.21454675
actual_warm,32,18,7.28843,0.2277634375
actual_warm,32,19,7.764493,0.24264040625
actual_warm,32,20,6.97623,0.2180071875
actual_warm,32,21,6.908239,0.21588246875
actual_warm,32,22,6.889542,0.2152981875
actual_warm,32,23,6.952124,0.217253875
actual_warm,32,24,6.970181,0.21781815625
actual_warm,32,25,6.893567,0.21542396875
actual_warm,32,26,6.88158,0.215049375
actual_warm,32,27,7.052312,0.22038475
actual_warm,32,28,6.886507,0.21520334375
actual_warm,32,29,7.278867,0.22746459375
actual_warm,32,30,6.86796,0.21462375
actual_warm,32,31,6.845947,0.21393584375
actual_warm,32,32,6.892707,0.21539709375
actual_warm,32,33,6.88162,0.215050625
actual_warm,32,34,6.970321,0.21782253125
actual_warm,32,35,6.940526,0.2168914375
actual_warm,32,36,6.933387,0.21666834375
actual_warm,32,37,7.583226,0.2369758125
actual_warm,32,38,8.183743,0.25574196875
actual_warm,32,39,6.99025,0.2184453125
actual_warm,32,40,6.930793,0.21658728125
actual_warm,32,41,6.998923,0.21871634375
actual_warm,32,42,7.022478,0.2194524375
actual_warm,32,43,6.893438,0.2154199375
actual_warm,32,44,6.901519,0.21567246875
actual_warm,32,45,6.894389,0.21544965625
actual_warm,32,46,6.952595,0.21726859375
actual_warm,32,47,6.995548,0.218610875
actual_warm,32,48,6.887989,0.21524965625
actual_warm,32,49,6.897373,0.21554290625
actual_warm,32,50,6.898144,0.215567
actual_warm,32,51,6.807731,0.21274159375
actual_warm,32,52,6.911284,0.215977625
actual_warm,32,53,6.94965,0.2171765625
actual_warm,32,54,6.849192,0.21403725
actual_warm,32,55,6.839838,0.2137449375
actual_warm,32,56,6.989429,0.21841965625
actual_warm,32,57,6.989389,0.21841840625
actual_warm,32,58,6.915941,0.21612315625
actual_warm,32,59,6.946716,0.217084875
actual_warm,32,60,7.583035,0.23696984375
actual_warm,32,61,7.688852,0.240276625
actual_warm,32,62,7.002468,0.218827125
actual_warm,32,63,6.89485,0.2154640625
actual_warm,32,64,6.944573,0.21701790625
actual_warm,32,65,6.915941,0.21612315625
actual_warm,32,66,6.978423,0.21807571875
actual_warm,32,67,6.867879,0.21462121875
actual_warm,32,68,6.862111,0.21444096875
actual_warm,32,69,6.922421,0.21632565625
actual_warm,32,70,6.892686,0.2153964375
actual_warm,32,71,6.948168,0.21713025
actual_warm,32,72,7.01053,0.2190790625
actual_warm,32,73,7.006445,0.21895140625
actual_warm,32,74,8.095301,0.25297815625
actual_warm,32,75,7.046654,0.2202079375
actual_warm,32,76,6.853017,0.21415678125
actual_warm,32,77,6.853678,0.2141774375
actual_warm,32,78,6.864885,0.21452765625
actual_warm,32,79,6.876422,0.2148881875
actual_warm,32,80,6.939926,0.2168726875
actual_warm,32,81,6.870985,0.21471828125
actual_warm,32,82,6.895731,0.21549159375
actual_warm,32,83,6.928569,0.21651778125
actual_warm,32,84,6.881149,0.21503590625
actual_warm,32,85,6.972053,0.21787665625
actual_warm,32,86,6.931444,0.216607625
actual_warm,32,87,6.862852,0.214464125
actual_warm,32,88,6.887278,0.2152274375
actual_warm,32,89,7.705045,0.24078265625
actual_warm,32,90,7.188543,0.22464196875
actual_warm,32,91,7.527884,0.235246375
actual_warm,32,92,7.249153,0.22653603125
actual_warm,32,93,7.370011,0.23031284375
actual_warm,32,94,7.09812,0.22181625
actual_warm,32,95,7.013495,0.21917171875
actual_warm,32,96,7.128164,0.222755125
actual_warm,32,97,7.494264,0.23419575
actual_warm,32,98,7.20699,0.2252184375
actual_warm,32,99,7.221892,0.225684125
actual_warm,32,100,7.190496,0.224703
actual_warm,32,101,7.150266,0.2234458125
actual_warm,32,102,7.305116,0.228284875
actual_warm,32,103,7.465402,0.2332938125
actual_warm,32,104,7.008257,0.21900803125
actual_warm,32,105,6.893628,0.215425875
actual_warm,32,106,6.916101,0.21612815625
actual_warm,32,107,6.870864,0.2147145
actual_warm,32,108,7.397291,0.23116534375
actual_warm,32,109,7.11164,0.22223875
actual_warm,32,110,7.139401,0.22310628125
actual_warm,32,111,7.060594,0.2206435625
actual_warm,32,112,7.184538,0.2245168125
actual_warm,32,113,7.135275,0.22297734375
actual_warm,32,114,7.086782,0.2214619375
actual_warm,32,115,7.041245,0.22003890625
actual_warm,32,116,7.066703,0.22083446875
actual_warm,32,117,7.036138,0.2198793125
actual_warm,32,118,6.899927,0.21562271875
actual_warm,32,119,6.918044,0.216188875
actual_warm,64,0,7.108315,0.111067421875
actual_warm,64,1,7.387968,0.115437
actual_warm,64,2,7.879543,0.123117859375
actual_warm,64,3,7.219458,0.11280403125
actual_warm,64,4,7.191577,0.112368390625
actual_warm,64,5,7.22731,0.11292671875
actual_warm,64,6,7.120523,0.111258171875
actual_warm,64,7,7.409028,0.1157660625
actual_warm,64,8,7.168043,0.112000671875
actual_warm,64,9,7.357943,0.114967859375
actual_warm,64,10,7.201813,0.112528328125
actual_warm,64,11,7.505891,0.117279546875
actual_warm,64,12,7.199739,0.112495921875
actual_warm,64,13,7.925721,0.123839390625
actual_warm,64,14,7.052472,0.110194875
actual_warm,64,15,7.044871,0.110076109375
actual_warm,64,16,7.276743,0.113699109375
actual_warm,64,17,7.325716,0.1144643125
actual_warm,64,18,7.260479,0.113444984375
actual_warm,64,19,7.31484,0.114294375
actual_warm,64,20,7.286298,0.11384840625
actual_warm,64,21,7.30143,0.11408484375
actual_warm,64,22,7.177187,0.112143546875
actual_warm,64,23,7.120252,0.1112539375
actual_warm,64,24,7.745836,0.1210286875
actual_warm,64,25,7.054625,0.110228515625
actual_warm,64,26,7.276293,0.113692078125
actual_warm,64,27,7.258716,0.1134174375
actual_warm,64,28,7.144428,0.1116316875
actual_warm,64,29,7.225648,0.11290075
actual_warm,64,30,7.097999,0.110906234375
actual_warm,64,31,6.954938,0.10867090625
actual_warm,64,32,7.002559,0.109414984375
actual_warm,64,33,7.385574,0.11539959375
actual_warm,64,34,7.060254,0.11031646875
actual_warm,64,35,7.049748,0.1101523125
actual_warm,64,36,7.583065,0.118485390625
actual_warm,64,37,7.948455,0.124194609375
actual_warm,64,38,7.087534,0.11074271875
actual_warm,64,39,7.129105,0.111392265625
actual_warm,64,40,7.254521,0.113351890625
actual_warm,64,41,7.270835,0.113606796875
actual_warm,64,42,7.217446,0.11277259375
actual_warm,64,43,7.296202,0.11400315625
actual_warm,64,44,7.239738,0.11312090625
actual_warm,64,45,7.058701,0.110292203125
actual_warm,64,46,7.011471,0.109554234375
actual_warm,64,47,7.413715,0.115839296875
actual_warm,64,48,7.313107,0.114267296875
actual_warm,64,49,7.278075,0.113719921875
actual_warm,64,50,7.285757,0.113839953125
actual_warm,64,51,7.406575,0.115727734375
actual_warm,64,52,7.902748,0.1234804375
actual_warm,64,53,7.588533,0.118570828125
actual_warm,64,54,7.427185,0.116049765625
actual_warm,64,55,7.510599,0.117353109375
actual_warm,64,56,7.611327,0.118926984375
actual_warm,64,57,7.922927,0.123795734375
actual_warm,64,58,8.083565,0.126305703125
actual_warm,64,59,7.41653,0.11588328125
actual_warm,64,60,7.154253,0.111785203125
actual_warm,64,61,7.159721,0.111870640625
actual_warm,64,62,7.173011,0.112078296875
actual_warm,64,63,7.356031,0.114937984375
actual_warm,64,64,7.902106,0.12347040625
actual_warm,64,65,7.618709,0.119042328125
actual_warm,64,66,7.429149,0.116080453125
actual_warm,64,67,7.407567,0.115743234375
actual_warm,64,68,7.317323,0.114333171875
actual_warm,64,69,7.454296,0.116473375
actual_warm,64,70,7.450309,0.116411078125
actual_warm,64,71,7.436699,0.116198421875
actual_warm,64,72,7.346005,0.114781328125
actual_warm,64,73,7.225798,0.11290309375
actual_warm,64,74,7.327929,0.114498890625
actual_warm,64,75,7.364594,0.11507178125
actual_warm,64,76,7.11853,0.11122703125
actual_warm,64,77,7.002087,0.109407609375
actual_warm,64,78,7.005482,0.10946065625
actual_warm,64,79,7.134333,0.111473953125
baseline_bau_warm,1,0,2.708429,2.708429
baseline_bau_warm,1,1,2.586999,2.586999
baseline_bau_warm,1,2,2.437358,2.437358
baseline_bau_warm,1,3,2.42543,2.42543
baseline_bau_warm,1,4,2.315018,2.315018
baseline_bau_warm,1,5,2.327837,2.327837
baseline_bau_warm,1,6,2.302469,2.302469
baseline_bau_warm,1,7,2.313486,2.313486
baseline_bau_warm,1,8,2.364071,2.364071
baseline_bau_warm,1,9,2.285835,2.285835
baseline_bau_warm,1,10,2.358382,2.358382
baseline_bau_warm,1,11,2.812022,2.812022
baseline_bau_warm,1,12,2.311182,2.311182
baseline_bau_warm,1,13,2.360375,2.360375
baseline_bau_warm,1,14,2.285104,2.285104
baseline_bau_warm,1,15,2.295349,2.295349
baseline_bau_warm,1,16,2.335768,2.335768
baseline_bau_warm,1,17,2.308949,2.308949
baseline_bau_warm,1,18,2.507963,2.507963
baseline_bau_warm,1,19,2.506351,2.506351
baseline_bau_warm,1,20,2.314057,2.314057
baseline_bau_warm,1,21,2.323641,2.323641
baseline_bau_warm,1,22,2.334587,2.334587
baseline_bau_warm,1,23,2.329349,2.329349
baseline_bau_warm,1,24,2.427413,2.427413
baseline_bau_warm,1,25,2.421435,2.421435
baseline_bau_warm,1,26,2.345623,2.345623
baseline_bau_warm,1,27,2.338944,2.338944
baseline_bau_warm,1,28,2.402086,2.402086
baseline_bau_warm,1,29,2.435236,2.435236
baseline_bau_warm,1,30,2.338273,2.338273
baseline_bau_warm,1,31,2.562423,2.562423
baseline_bau_warm,1,32,2.324221,2.324221
baseline_bau_warm,1,33,2.334727,2.334727
baseline_bau_warm,1,34,2.267458,2.267458
baseline_bau_warm,1,35,2.30281,2.30281
baseline_bau_warm,1,36,2.334356,2.334356
baseline_bau_warm,1,37,2.397279,2.397279
baseline_bau_warm,1,38,2.258354,2.258354
baseline_bau_warm,1,39,2.311913,2.311913
baseline_bau_warm,1,40,2.260978,2.260978
baseline_bau_warm,1,41,2.293546,2.293546
baseline_bau_warm,1,42,2.271594,2.271594
baseline_bau_warm,1,43,2.298724,2.298724
baseline_bau_warm,1,44,2.286987,2.286987
baseline_bau_warm,1,45,2.267277,2.267277
baseline_bau_warm,1,46,2.30969,2.30969
baseline_bau_warm,1,47,2.280166,2.280166
baseline_bau_warm,1,48,2.260007,2.260007
baseline_bau_warm,1,49,2.271243,2.271243
baseline_bau_warm,1,50,2.526961,2.526961
baseline_bau_warm,1,51,2.860102,2.860102
baseline_bau_warm,1,52,3.025197,3.025197
baseline_bau_warm,1,53,2.212566,2.212566
baseline_bau_warm,1,54,2.630113,2.630113
baseline_bau_warm,1,55,2.285474,2.285474
baseline_bau_warm,1,56,2.661009,2.661009
baseline_bau_warm,1,57,2.198226,2.198226
baseline_bau_warm,1,58,2.213318,2.213318
baseline_bau_warm,1,59,2.183033,2.183033
baseline_bau_warm,1,60,2.242982,2.242982
baseline_bau_warm,1,61,2.233297,2.233297
baseline_bau_warm,1,62,2.16017,2.16017
baseline_bau_warm,1,63,2.23577,2.23577
baseline_bau_warm,1,64,2.182272,2.182272
baseline_bau_warm,1,65,2.277672,2.277672
baseline_bau_warm,1,66,2.391611,2.391611
baseline_bau_warm,1,67,2.283841,2.283841
baseline_bau_warm,1,68,2.323069,2.323069
baseline_bau_warm,1,69,2.360225,2.360225
baseline_bau_warm,1,70,2.619217,2.619217
baseline_bau_warm,1,71,2.376438,2.376438
baseline_bau_warm,1,72,2.286256,2.286256
baseline_bau_warm,1,73,2.259726,2.259726
baseline_bau_warm,1,74,2.308108,2.308108
baseline_bau_warm,1,75,2.291603,2.291603
baseline_bau_warm,1,76,2.302689,2.302689
baseline_bau_warm,1,77,2.348548,2.348548
baseline_bau_warm,1,78,2.293937,2.293937
baseline_bau_warm,1,79,2.342328,2.342328
baseline_bau_warm,1,80,2.266065,2.266065
baseline_bau_warm,1,81,2.192587,2.192587
baseline_bau_warm,1,82,2.212497,2.212497
baseline_bau_warm,1,83,2.174901,2.174901
baseline_bau_warm,1,84,2.198466,2.198466
baseline_bau_warm,1,85,2.177515,2.177515
baseline_bau_warm,1,86,2.213958,2.213958
baseline_bau_warm,1,87,2.255029,2.255029
baseline_bau_warm,1,88,2.183163,2.183163
baseline_bau_warm,1,89,2.513241,2.513241
baseline_bau_warm,1,90,2.218556,2.218556
baseline_bau_warm,1,91,3.193014,3.193014
baseline_bau_warm,1,92,3.042061,3.042061
baseline_bau_warm,1,93,2.376078,2.376078
baseline_bau_warm,1,94,2.332914,2.332914
baseline_bau_warm,1,95,2.310451,2.310451
baseline_bau_warm,1,96,2.331412,2.331412
baseline_bau_warm,1,97,2.300867,2.300867
baseline_bau_warm,1,98,2.385832,2.385832
baseline_bau_warm,1,99,2.360465,2.360465
baseline_bau_warm,1,100,2.368987,2.368987
baseline_bau_warm,1,101,2.359543,2.359543
baseline_bau_warm,1,102,2.477027,2.477027
baseline_bau_warm,1,103,2.328287,2.328287
baseline_bau_warm,1,104,2.394676,2.394676
baseline_bau_warm,1,105,2.74263,2.74263
baseline_bau_warm,1,106,2.259776,2.259776
baseline_bau_warm,1,107,2.260638,2.260638
baseline_bau_warm,1,108,2.433233,2.433233
baseline_bau_warm,1,109,2.828115,2.828115
baseline_bau_warm,1,110,2.285344,2.285344
baseline_bau_warm,1,111,2.385772,2.385772
baseline_bau_warm,1,112,2.216783,2.216783
baseline_bau_warm,1,113,2.494823,2.494823
baseline_bau_warm,1,114,2.213017,2.213017
baseline_bau_warm,1,115,2.653268,2.653268
baseline_bau_warm,1,116,2.731422,2.731422
baseline_bau_warm,1,117,2.342658,2.342658
baseline_bau_warm,1,118,2.317081,2.317081
baseline_bau_warm,1,119,2.310862,2.310862
baseline_bau_warm,1,120,2.341787,2.341787
baseline_bau_warm,1,121,2.334858,2.334858
baseline_bau_warm,1,122,2.320907,2.320907
baseline_bau_warm,1,123,2.310001,2.310001
baseline_bau_warm,1,124,2.344121,2.344121
baseline_bau_warm,1,125,2.328608,2.328608
baseline_bau_warm,1,126,2.359133,2.359133
baseline_bau_warm,1,127,2.338533,2.338533
baseline_bau_warm,1,128,2.620609,2.620609
baseline_bau_warm,1,129,2.390229,2.390229
baseline_bau_warm,1,130,2.358362,2.358362
baseline_bau_warm,1,131,2.284263,2.284263
baseline_bau_warm,1,132,2.318503,2.318503
baseline_bau_warm,1,133,2.371321,2.371321
baseline_bau_warm,1,134,2.30292,2.30292
baseline_bau_warm,1,135,2.311092,2.311092
baseline_bau_warm,1,136,2.321057,2.321057
baseline_bau_warm,1,137,2.312214,2.312214
baseline_bau_warm,1,138,2.371842,2.371842
baseline_bau_warm,1,139,2.279095,2.279095
baseline_bau_warm,1,140,2.335408,2.335408
baseline_bau_warm,1,141,2.333115,2.333115
baseline_bau_warm,1,142,3.155048,3.155048
baseline_bau_warm,1,143,2.720677,2.720677
baseline_bau_warm,1,144,2.401886,2.401886
baseline_bau_warm,1,145,2.223412,2.223412
baseline_bau_warm,1,146,2.306135,2.306135
baseline_bau_warm,1,147,2.342959,2.342959
baseline_bau_warm,1,148,2.616063,2.616063
baseline_bau_warm,1,149,2.452761,2.452761
baseline_bau_warm,1,150,2.342458,2.342458
baseline_bau_warm,1,151,2.203473,2.203473
baseline_bau_warm,1,152,2.250933,2.250933
baseline_bau_warm,1,153,2.151957,2.151957
baseline_bau_warm,1,154,2.238215,2.238215
baseline_bau_warm,1,155,2.21449,2.21449
baseline_bau_warm,1,156,2.520992,2.520992
baseline_bau_warm,1,157,2.281639,2.281639
baseline_bau_warm,1,158,2.225656,2.225656
baseline_bau_warm,1,159,2.172818,2.172818
baseline_bau_warm,1,160,2.340395,2.340395
baseline_bau_warm,1,161,2.195742,2.195742
baseline_bau_warm,1,162,2.21481,2.21481
baseline_bau_warm,1,163,2.20791,2.20791
baseline_bau_warm,1,164,2.184585,2.184585
baseline_bau_warm,1,165,2.231535,2.231535
baseline_bau_warm,1,166,2.178897,2.178897
baseline_bau_warm,1,167,2.530687,2.530687
baseline_bau_warm,1,168,2.230493,2.230493
baseline_bau_warm,1,169,2.415616,2.415616
baseline_bau_warm,1,170,2.390579,2.390579
baseline_bau_warm,1,171,2.468825,2.468825
baseline_bau_warm,1,172,2.321938,2.321938
baseline_bau_warm,1,173,2.233087,2.233087
baseline_bau_warm,1,174,2.254839,2.254839
baseline_bau_warm,1,175,2.280848,2.280848
baseline_bau_warm,1,176,2.232567,2.232567
baseline_bau_warm,1,177,2.295759,2.295759
baseline_bau_warm,1,178,2.295129,2.295129
baseline_bau_warm,1,179,2.265905,2.265905
baseline_bau_warm,1,180,2.336129,2.336129
baseline_bau_warm,1,181,2.566089,2.566089
baseline_bau_warm,1,182,2.836979,2.836979
baseline_bau_warm,1,183,2.920983,2.920983
baseline_bau_warm,1,184,2.863407,2.863407
baseline_bau_warm,1,185,2.671084,2.671084
baseline_bau_warm,1,186,2.272195,2.272195
baseline_bau_warm,1,187,2.610935,2.610935
baseline_bau_warm,1,188,2.452851,2.452851
baseline_bau_warm,1,189,2.324181,2.324181
baseline_bau_warm,1,190,2.309921,2.309921
baseline_bau_warm,1,191,2.326395,2.326395
baseline_bau_warm,1,192,2.283041,2.283041
baseline_bau_warm,1,193,2.388456,2.388456
baseline_bau_warm,1,194,2.437159,2.437159
baseline_bau_warm,1,195,2.199457,2.199457
baseline_bau_warm,1,196,2.406824,2.406824
baseline_bau_warm,1,197,2.210584,2.210584
baseline_bau_warm,1,198,2.284963,2.284963
baseline_bau_warm,1,199,2.297502,2.297502
baseline_bau_warm,1,200,2.368437,2.368437
baseline_bau_warm,1,201,2.367826,2.367826
baseline_bau_warm,1,202,2.290121,2.290121
baseline_bau_warm,1,203,2.172368,2.172368
baseline_bau_warm,1,204,2.347456,2.347456
baseline_bau_warm,1,205,2.28884,2.28884
baseline_bau_warm,1,206,2.517637,2.517637
baseline_bau_warm,1,207,2.611045,2.611045
baseline_bau_warm,1,208,2.838481,2.838481
baseline_bau_warm,1,209,3.176199,3.176199
baseline_bau_warm,1,210,2.833613,2.833613
baseline_bau_warm,1,211,3.124733,3.124733
baseline_bau_warm,1,212,2.77689,2.77689
baseline_bau_warm,1,213,2.239977,2.239977
baseline_bau_warm,1,214,2.667798,2.667798
baseline_bau_warm,1,215,2.612217,2.612217
baseline_bau_warm,1,216,2.708909,2.708909
baseline_bau_warm,1,217,2.880112,2.880112
baseline_bau_warm,1,218,2.530806,2.530806
baseline_bau_warm,1,219,2.423938,2.423938
baseline_bau_warm,1,220,2.352494,2.352494
baseline_bau_warm,1,221,2.288609,2.288609
baseline_bau_warm,1,222,2.487382,2.487382
baseline_bau_warm,1,223,3.00118,3.00118
baseline_bau_warm,1,224,2.789809,2.789809
baseline_bau_warm,1,225,2.82422,2.82422
baseline_bau_warm,1,226,3.098815,3.098815
baseline_bau_warm,1,227,2.705274,2.705274
baseline_bau_warm,1,228,2.868365,2.868365
baseline_bau_warm,1,229,2.918429,2.918429
baseline_bau_warm,1,230,2.652696,2.652696
baseline_bau_warm,1,231,2.308498,2.308498
baseline_bau_warm,1,232,2.211935,2.211935
baseline_bau_warm,1,233,2.237283,2.237283
baseline_bau_warm,1,234,2.161982,2.161982
baseline_bau_warm,1,235,2.367695,2.367695
baseline_bau_warm,1,236,2.940681,2.940681
baseline_bau_warm,1,237,2.807495,2.807495
baseline_bau_warm,1,238,2.979099,2.979099
baseline_bau_warm,1,239,2.842026,2.842026
baseline_bau_warm,1,240,2.575362,2.575362
baseline_bau_warm,1,241,2.571136,2.571136
baseline_bau_warm,1,242,2.259325,2.259325
baseline_bau_warm,1,243,2.500001,2.500001
baseline_bau_warm,1,244,2.677002,2.677002
baseline_bau_warm,1,245,2.631205,2.631205
baseline_bau_warm,1,246,2.555022,2.555022
baseline_bau_warm,1,247,2.196884,2.196884
baseline_bau_warm,1,248,2.236172,2.236172
baseline_bau_warm,1,249,2.387995,2.387995
baseline_bau_warm,1,250,2.391251,2.391251
baseline_bau_warm,1,251,2.26222,2.26222
baseline_bau_warm,1,252,2.320215,2.320215
baseline_bau_warm,1,253,2.467243,2.467243
baseline_bau_warm,1,254,2.775407,2.775407
baseline_bau_warm,1,255,2.182843,2.182843
baseline_bau_warm,1,256,2.196893,2.196893
baseline_bau_warm,1,257,2.218115,2.218115
baseline_bau_warm,1,258,2.196142,2.196142
baseline_bau_warm,1,259,2.322369,2.322369
baseline_bau_warm,1,260,2.199016,2.199016
baseline_bau_warm,1,261,2.218055,2.218055
baseline_bau_warm,1,262,2.225425,2.225425
baseline_bau_warm,1,263,2.15418,2.15418
baseline_bau_warm,1,264,2.3711,2.3711
baseline_bau_warm,1,265,2.537957,2.537957
baseline_bau_warm,1,266,2.231264,2.231264
baseline_bau_warm,1,267,2.254208,2.254208
baseline_bau_warm,1,268,2.181471,2.181471
baseline_bau_warm,1,269,2.236272,2.236272
baseline_bau_warm,1,270,2.227578,2.227578
baseline_bau_warm,1,271,2.182332,2.182332
baseline_bau_warm,1,272,2.339074,2.339074
baseline_bau_warm,1,273,2.198296,2.198296
baseline_bau_warm,1,274,2.209402,2.209402
baseline_bau_warm,1,275,2.198726,2.198726
baseline_bau_warm,1,276,2.168441,2.168441
baseline_bau_warm,1,277,2.196513,2.196513
baseline_bau_warm,1,278,2.20124,2.20124
baseline_bau_warm,1,279,2.325083,2.325083
baseline_bau_warm,1,280,2.217414,2.217414
baseline_bau_warm,1,281,2.178957,2.178957
baseline_bau_warm,1,282,2.219397,2.219397
baseline_bau_warm,1,283,2.205346,2.205346
baseline_bau_warm,1,284,2.523896,2.523896
baseline_bau_warm,1,285,2.214119,2.214119
baseline_bau_warm,1,286,2.183184,2.183184
baseline_bau_warm,1,287,2.222481,2.222481
baseline_bau_warm,1,288,2.198916,2.198916
baseline_bau_warm,1,289,2.209201,2.209201
baseline_bau_warm,1,290,2.187419,2.187419
baseline_bau_warm,1,291,2.188571,2.188571
baseline_bau_warm,1,292,2.224785,2.224785
baseline_bau_warm,1,293,2.18774,2.18774
baseline_bau_warm,1,294,2.232246,2.232246
baseline_bau_warm,1,295,2.304503,2.304503
baseline_bau_warm,1,296,2.383509,2.383509
baseline_bau_warm,1,297,2.491519,2.491519
baseline_bau_warm,1,298,2.89878,2.89878
baseline_bau_warm,1,299,2.24937,2.24937
baseline_bau_warm,1,300,2.224875,2.224875
baseline_bau_warm,1,301,2.198807,2.198807
baseline_bau_warm,1,302,2.209392,2.209392
baseline_bau_warm,1,303,2.230382,2.230382
baseline_bau_warm,1,304,2.488074,2.488074
baseline_bau_warm,1,305,2.224103,2.224103
baseline_bau_warm,1,306,2.229011,2.229011
baseline_bau_warm,1,307,2.212005,2.212005
baseline_bau_warm,1,308,2.203874,2.203874
baseline_bau_warm,1,309,2.18126,2.18126
baseline_bau_warm,1,310,2.232546,2.232546
baseline_bau_warm,1,311,2.213287,2.213287
baseline_bau_warm,1,312,2.210523,2.210523
baseline_bau_warm,1,313,2.228851,2.228851
baseline_bau_warm,1,314,2.192317,2.192317
baseline_bau_warm,1,315,2.417288,2.417288
baseline_bau_warm,1,316,2.219187,2.219187
baseline_bau_warm,1,317,2.205526,2.205526
baseline_bau_warm,1,318,2.52631,2.52631
baseline_bau_warm,1,319,2.189162,2.189162
baseline_bau_warm,1,320,2.206067,2.206067
baseline_bau_warm,1,321,2.219987,2.219987
baseline_bau_warm,1,322,2.184215,2.184215
baseline_bau_warm,1,323,2.521122,2.521122
baseline_bau_warm,1,324,2.237864,2.237864
baseline_bau_warm,1,325,2.207209,2.207209
baseline_bau_warm,1,326,2.253557,2.253557
baseline_bau_warm,1,327,2.196813,2.196813
baseline_bau_warm,1,328,2.470617,2.470617
baseline_bau_warm,1,329,2.284593,2.284593
baseline_bau_warm,1,330,2.283952,2.283952
baseline_bau_warm,1,331,2.880553,2.880553
baseline_bau_warm,1,332,2.296331,2.296331
baseline_bau_warm,1,333,2.216673,2.216673
baseline_bau_warm,1,334,2.302029,2.302029
baseline_bau_warm,1,335,2.17406,2.17406
baseline_bau_warm,1,336,2.234609,2.234609
baseline_bau_warm,1,337,2.324622,2.324622
baseline_bau_warm,1,338,2.210583,2.210583
baseline_bau_warm,1,339,2.31008,2.31008
baseline_bau_warm,1,340,2.247218,2.247218
baseline_bau_warm,1,341,2.253437,2.253437
baseline_bau_warm,1,342,2.391862,2.391862
baseline_bau_warm,1,343,2.51266,2.51266
baseline_bau_warm,1,344,2.250332,2.250332
baseline_bau_warm,1,345,2.289891,2.289891
baseline_bau_warm,1,346,2.186999,2.186999
baseline_bau_warm,1,347,2.30917,2.30917
baseline_bau_warm,1,348,2.223853,2.223853
baseline_bau_warm,1,349,2.696121,2.696121
baseline_bau_warm,1,350,2.26262,2.26262
baseline_bau_warm,1,351,2.422647,2.422647
baseline_bau_warm,1,352,2.297772,2.297772
baseline_bau_warm,1,353,2.348798,2.348798
baseline_bau_warm,1,354,2.327776,2.327776
baseline_bau_warm,1,355,2.390229,2.390229
baseline_bau_warm,1,356,2.296852,2.296852
baseline_bau_warm,1,357,2.381886,2.381886
baseline_bau_warm,1,358,2.338642,2.338642
baseline_bau_warm,1,359,2.302269,2.302269
baseline_bau_warm,1,360,2.345142,2.345142
baseline_bau_warm,1,361,2.869927,2.869927
baseline_bau_warm,1,362,2.602733,2.602733
baseline_bau_warm,1,363,2.284503,2.284503
baseline_bau_warm,1,364,2.359093,2.359093
baseline_bau_warm,1,365,2.281108,2.281108
baseline_bau_warm,1,366,2.294017,2.294017
baseline_bau_warm,1,367,2.301558,2.301558
baseline_bau_warm,1,368,2.291463,2.291463
baseline_bau_warm,1,369,2.563174,2.563174
baseline_bau_warm,1,370,2.351692,2.351692
baseline_bau_warm,1,371,2.325763,2.325763
baseline_bau_warm,1,372,2.406613,2.406613
baseline_bau_warm,1,373,2.300646,2.300646
baseline_bau_warm,1,374,2.400484,2.400484
baseline_bau_warm,1,375,2.332123,2.332123
baseline_bau_warm,1,376,2.291454,2.291454
baseline_bau_warm,1,377,2.342579,2.342579
baseline_bau_warm,1,378,2.40453,2.40453
baseline_bau_warm,1,379,2.338984,2.338984
baseline_bau_warm,1,380,2.339825,2.339825
baseline_bau_warm,1,381,2.33621,2.33621
baseline_bau_warm,1,382,2.731934,2.731934
baseline_bau_warm,1,383,2.346645,2.346645
baseline_bau_warm,1,384,2.414601,2.414601
baseline_bau_warm,1,385,2.22186,2.22186
baseline_bau_warm,1,386,2.232677,2.232677
baseline_bau_warm,1,387,2.177716,2.177716
baseline_bau_warm,1,388,2.218636,2.218636
baseline_bau_warm,1,389,2.212526,2.212526
baseline_bau_warm,1,390,2.175843,2.175843
baseline_bau_warm,1,391,2.211996,2.211996
baseline_bau_warm,1,392,2.185087,2.185087
baseline_bau_warm,1,393,2.311213,2.311213
baseline_bau_warm,1,394,2.271524,2.271524
baseline_bau_warm,1,395,2.227679,2.227679
baseline_bau_warm,1,396,2.239586,2.239586
baseline_bau_warm,1,397,2.540701,2.540701
baseline_bau_warm,1,398,3.196179,3.196179
baseline_bau_warm,1,399,3.436544,3.436544
baseline_bau_warm,8,0,2.98674,0.3733425
baseline_bau_warm,8,1,3.056794,0.38209925
baseline_bau_warm,8,2,2.855656,0.356957
baseline_bau_warm,8,3,2.60067,0.32508375
baseline_bau_warm,8,4,2.605056,0.325632
baseline_bau_warm,8,5,2.529665,0.316208125
baseline_bau_warm,8,6,2.777611,0.347201375
baseline_bau_warm,8,7,2.815818,0.35197725
baseline_bau_warm,8,8,2.538938,0.31736725
baseline_bau_warm,8,9,2.449096,0.306137
baseline_bau_warm,8,10,2.377089,0.297136125
baseline_bau_warm,8,11,2.414685,0.301835625
baseline_bau_warm,8,12,2.414175,0.301771875
baseline_bau_warm,8,13,2.649832,0.331229
baseline_bau_warm,8,14,2.752714,0.34408925
baseline_bau_warm,8,15,2.493993,0.311749125
baseline_bau_warm,8,16,2.285285,0.285660625
baseline_bau_warm,8,17,2.30276,0.287845
baseline_bau_warm,8,18,2.274848,0.284356
baseline_bau_warm,8,19,2.276321,0.284540125
baseline_bau_warm,8,20,2.409307,0.301163375
baseline_bau_warm,8,21,2.598016,0.324752
baseline_bau_warm,8,22,2.457799,0.307224875
baseline_bau_warm,8,23,2.322149,0.290268625
baseline_bau_warm,8,24,2.406313,0.300789125
baseline_bau_warm,8,25,2.369328,0.296166
baseline_bau_warm,8,26,2.522224,0.315278
baseline_bau_warm,8,27,2.516576,0.314572
baseline_bau_warm,8,28,2.471369,0.308921125
baseline_bau_warm,8,29,2.553731,0.319216375
baseline_bau_warm,8,30,2.494493,0.311811625
baseline_bau_warm,8,31,3.120047,0.390005875
baseline_bau_warm,8,32,3.671881,0.458985125
baseline_bau_warm,8,33,2.537827,0.317228375
baseline_bau_warm,8,34,2.282821,0.285352625
baseline_bau_warm,8,35,2.216443,0.277055375
baseline_bau_warm,8,36,2.260968,0.282621
baseline_bau_warm,8,37,2.293676,0.2867095
baseline_bau_warm,8,38,2.295399,0.286924875
baseline_bau_warm,8,39,2.395377,0.299422125
baseline_bau_warm,8,40,2.613078,0.32663475
baseline_bau_warm,8,41,2.591957,0.323994625
baseline_bau_warm,8,42,2.527021,0.315877625
baseline_bau_warm,8,43,2.185376,0.273172
baseline_bau_warm,8,44,2.344041,0.293005125
baseline_bau_warm,8,45,2.303361,0.287920125
baseline_bau_warm,8,46,2.199177,0.274897125
baseline_bau_warm,8,47,2.292635,0.286579375
baseline_bau_warm,8,48,2.190905,0.273863125
baseline_bau_warm,8,49,2.566569,0.320821125
baseline_bau_warm,8,50,2.767366,0.34592075
baseline_bau_warm,8,51,2.889507,0.361188375
baseline_bau_warm,8,52,2.759695,0.344961875
baseline_bau_warm,8,53,2.286275,0.285784375
baseline_bau_warm,8,54,2.266336,0.283292
baseline_bau_warm,8,55,2.18761,0.27345125
baseline_bau_warm,8,56,2.242711,0.280338875
baseline_bau_warm,8,57,2.261219,0.282652375
baseline_bau_warm,8,58,2.23473,0.27934125
baseline_bau_warm,8,59,2.237884,0.2797355
baseline_bau_warm,8,60,2.644134,0.33051675
baseline_bau_warm,8,61,2.266797,0.283349625
baseline_bau_warm,8,62,2.20733,0.27591625
baseline_bau_warm,8,63,2.161721,0.270215125
baseline_bau_warm,8,64,2.188031,0.273503875
baseline_bau_warm,8,65,2.281179,0.285147375
baseline_bau_warm,8,66,2.449697,0.306212125
baseline_bau_warm,8,67,2.219246,0.27740575
baseline_bau_warm,8,68,2.175963,0.271995375
baseline_bau_warm,8,69,2.248981,0.281122625
baseline_bau_warm,8,70,2.202011,0.275251375
baseline_bau_warm,8,71,2.224254,0.27803175
baseline_bau_warm,8,72,2.236492,0.2795615
baseline_bau_warm,8,73,2.2353,0.2794125
baseline_bau_warm,8,74,2.239096,0.279887
baseline_bau_warm,8,75,2.19461,0.27432625
baseline_bau_warm,8,76,2.245035,0.280629375
baseline_bau_warm,8,77,2.245115,0.280639375
baseline_bau_warm,8,78,2.220559,0.277569875
baseline_bau_warm,8,79,82.086761,10.260845125
baseline_bau_warm,8,80,2.690603,0.336325375
baseline_bau_warm,8,81,2.261269,0.282658625
baseline_bau_warm,8,82,2.317202,0.28965025
baseline_bau_warm,8,83,2.233358,0.27916975
baseline_bau_warm,8,84,2.250623,0.281327875
baseline_bau_warm,8,85,2.260958,0.28261975
baseline_bau_warm,8,86,2.18767,0.27345875
baseline_bau_warm,8,87,2.972209,0.371526125
baseline_bau_warm,8,88,2.419102,0.30238775
baseline_bau_warm,8,89,2.196954,0.27461925
baseline_bau_warm,8,90,3.28509,0.41063625
baseline_bau_warm,8,91,3.051586,0.38144825
baseline_bau_warm,8,92,2.287848,0.285981
baseline_bau_warm,8,93,2.434415,0.304301875
baseline_bau_warm,8,94,2.498259,0.312282375
baseline_bau_warm,8,95,2.193349,0.274168625
baseline_bau_warm,8,96,2.198787,0.274848375
baseline_bau_warm,8,97,2.311593,0.288949125
baseline_bau_warm,8,98,2.212948,0.2766185
baseline_bau_warm,8,99,2.305154,0.28814425
baseline_bau_warm,8,100,2.218746,0.27734325
baseline_bau_warm,8,101,2.301688,0.287711
baseline_bau_warm,8,102,2.262471,0.282808875
baseline_bau_warm,8,103,2.217524,0.2771905
baseline_bau_warm,8,104,2.251655,0.281456875
baseline_bau_warm,8,105,2.303411,0.287926375
baseline_bau_warm,8,106,2.196494,0.27456175
baseline_bau_warm,8,107,2.237634,0.27970425
baseline_bau_warm,8,108,2.202662,0.27533275
baseline_bau_warm,8,109,2.250132,0.2812665
baseline_bau_warm,8,110,2.258124,0.2822655
baseline_bau_warm,8,111,2.233989,0.279248625
baseline_bau_warm,8,112,2.23501,0.27937625
baseline_bau_warm,8,113,2.182563,0.272820375
baseline_bau_warm,8,114,2.624105,0.328013125
baseline_bau_warm,8,115,2.25543,0.28192875
baseline_bau_warm,8,116,2.224184,0.278023
baseline_bau_warm,8,117,2.311583,0.288947875
baseline_bau_warm,8,118,2.265585,0.283198125
baseline_bau_warm,8,119,2.224004,0.2780005
baseline_bau_warm,8,120,2.252456,0.281557
baseline_bau_warm,8,121,2.178777,0.272347125
baseline_bau_warm,8,122,2.270092,0.2837615
baseline_bau_warm,8,123,2.208211,0.276026375
baseline_bau_warm,8,124,2.185557,0.273194625
baseline_bau_warm,8,125,2.219697,0.277462125
baseline_bau_warm,8,126,2.266517,0.283314625
baseline_bau_warm,8,127,2.262972,0.2828715
baseline_bau_warm,8,128,2.227509,0.278438625
baseline_bau_warm,8,129,2.313085,0.289135625
baseline_bau_warm,8,130,2.400935,0.300116875
baseline_bau_warm,8,131,2.519239,0.314904875
baseline_bau_warm,8,132,2.231736,0.278967
baseline_bau_warm,8,133,2.280938,0.28511725
baseline_bau_warm,8,134,2.256061,0.282007625
baseline_bau_warm,8,135,2.29644,0.287055
baseline_bau_warm,8,136,2.258585,0.282323125
baseline_bau_warm,8,137,2.217845,0.277230625
baseline_bau_warm,8,138,2.304672,0.288084
baseline_bau_warm,8,139,2.219888,0.277486
baseline_bau_warm,8,140,2.220178,0.27752225
baseline_bau_warm,8,141,2.209202,0.27615025
baseline_bau_warm,8,142,2.182342,0.27279275
baseline_bau_warm,8,143,2.247608,0.280951
baseline_bau_warm,8,144,2.215831,0.276978875
baseline_bau_warm,8,145,2.223933,0.277991625
baseline_bau_warm,8,146,2.220248,0.277531
baseline_bau_warm,8,147,2.283672,0.285459
baseline_bau_warm,8,148,2.467924,0.3084905
baseline_bau_warm,8,149,2.20138,0.2751725
baseline_bau_warm,8,150,2.361917,0.295239625
baseline_bau_warm,8,151,2.277693,0.284711625
baseline_bau_warm,8,152,2.198696,0.274837
baseline_bau_warm,8,153,2.216993,0.277124125
baseline_bau_warm,8,154,2.21455,0.27681875
baseline_bau_warm,8,155,2.251665,0.281458125
baseline_bau_warm,8,156,2.233127,0.279140875
baseline_bau_warm,8,157,2.18063,0.27257875
baseline_bau_warm,8,158,2.235391,0.279423875
baseline_bau_warm,8,159,2.258385,0.282298125
baseline_bau_warm,8,160,2.227128,0.278391
baseline_bau_warm,8,161,2.200329,0.275041125
baseline_bau_warm,8,162,2.183994,0.27299925
baseline_bau_warm,8,163,2.461294,0.30766175
baseline_bau_warm,8,164,2.260999,0.282624875
baseline_bau_warm,8,165,2.420614,0.30257675
baseline_bau_warm,8,166,2.232657,0.279082125
baseline_bau_warm,8,167,2.188741,0.273592625
baseline_bau_warm,8,168,2.209102,0.27613775
baseline_bau_warm,8,169,2.244374,0.28054675
baseline_bau_warm,8,170,2.200939,0.275117375
baseline_bau_warm,8,171,2.263943,0.282992875
baseline_bau_warm,8,172,2.209232,0.276154
baseline_bau_warm,8,173,2.216653,0.277081625
baseline_bau_warm,8,174,2.253968,0.281746
baseline_bau_warm,8,175,2.193589,0.274198625
baseline_bau_warm,8,176,2.207279,0.275909875
baseline_bau_warm,8,177,2.179378,0.27242225
baseline_bau_warm,8,178,2.217944,0.277243
baseline_bau_warm,8,179,2.298143,0.287267875
baseline_bau_warm,8,180,2.230063,0.278757875
baseline_bau_warm,8,181,2.263873,0.282984125
baseline_bau_warm,8,182,2.468235,0.308529375
baseline_bau_warm,8,183,2.183464,0.272933
baseline_bau_warm,8,184,2.236722,0.27959025
baseline_bau_warm,8,185,2.212236,0.2765295
baseline_bau_warm,8,186,2.226949,0.278368625
baseline_bau_warm,8,187,2.257844,0.2822305
baseline_bau_warm,8,188,2.239487,0.279935875
baseline_bau_warm,8,189,2.225837,0.278229625
baseline_bau_warm,8,190,2.207429,0.275928625
baseline_bau_warm,8,191,2.218155,0.277269375
baseline_bau_warm,8,192,2.257343,0.282167875
baseline_bau_warm,8,193,2.230203,0.278775375
baseline_bau_warm,8,194,2.24862,0.2810775
baseline_bau_warm,8,195,2.261569,0.282696125
baseline_bau_warm,8,196,2.25502,0.2818775
baseline_bau_warm,8,197,2.258534,0.28231675
baseline_bau_warm,8,198,2.251845,0.281480625
baseline_bau_warm,8,199,2.209782,0.27622275
baseline_bau_warm,8,200,2.260287,0.282535875
baseline_bau_warm,8,201,2.555533,0.319441625
baseline_bau_warm,8,202,2.294117,0.286764625
baseline_bau_warm,8,203,2.243182,0.28039775
baseline_bau_warm,8,204,2.290061,0.286257625
baseline_bau_warm,8,205,2.218415,0.277301875
baseline_bau_warm,8,206,2.191286,0.27391075
baseline_bau_warm,8,207,2.292524,0.2865655
baseline_bau_warm,8,208,2.207149,0.275893625
baseline_bau_warm,8,209,2.2142,0.276775
baseline_bau_warm,8,210,2.223443,0.277930375
baseline_bau_warm,8,211,2.179098,0.27238725
baseline_bau_warm,8,212,2.226117,0.278264625
baseline_bau_warm,8,213,2.199378,0.27492225
baseline_bau_warm,8,214,2.217484,0.2771855
baseline_bau_warm,8,215,2.222902,0.27786275
baseline_bau_warm,8,216,2.179298,0.27241225
baseline_bau_warm,8,217,2.217915,0.277239375
baseline_bau_warm,8,218,2.187991,0.273498875
baseline_bau_warm,8,219,2.198026,0.27475325
baseline_bau_warm,16,0,2.267178,0.141698625
baseline_bau_warm,16,1,2.633959,0.1646224375
baseline_bau_warm,16,2,2.281389,0.1425868125
baseline_bau_warm,16,3,2.226047,0.1391279375
baseline_bau_warm,16,4,2.216102,0.138506375
baseline_bau_warm,16,5,2.251144,0.1406965
baseline_bau_warm,16,6,2.202121,0.1376325625
baseline_bau_warm,16,7,2.229833,0.1393645625
baseline_bau_warm,16,8,2.20747,0.137966875
baseline_bau_warm,16,9,2.235571,0.1397231875
baseline_bau_warm,16,10,2.493331,0.1558331875
baseline_bau_warm,16,11,2.225847,0.1391154375
baseline_bau_warm,16,12,2.244875,0.1403046875
baseline_bau_warm,16,13,2.264954,0.141559625
baseline_bau_warm,16,14,2.357872,0.147367
baseline_bau_warm,16,15,2.380475,0.1487796875
baseline_bau_warm,16,16,2.213568,0.138348
baseline_bau_warm,16,17,2.220589,0.1387868125
baseline_bau_warm,16,18,2.226918,0.139182375
baseline_bau_warm,16,19,2.209963,0.1381226875
baseline_bau_warm,16,20,2.546089,0.1591305625
baseline_bau_warm,16,21,2.247448,0.1404655
baseline_bau_warm,16,22,2.36403,0.147751875
baseline_bau_warm,16,23,2.394906,0.149681625
baseline_bau_warm,16,24,2.213138,0.138321125
baseline_bau_warm,16,25,2.25574,0.14098375
baseline_bau_warm,16,26,2.263001,0.1414375625
baseline_bau_warm,16,27,2.192827,0.1370516875
baseline_bau_warm,16,28,2.249501,0.1405938125
baseline_bau_warm,16,29,2.228321,0.1392700625
baseline_bau_warm,16,30,2.216543,0.1385339375
baseline_bau_warm,16,31,2.246877,0.1404298125
baseline_bau_warm,16,32,2.212386,0.138274125
baseline_bau_warm,16,33,2.247208,0.1404505
baseline_bau_warm,16,34,2.208641,0.1380400625
baseline_bau_warm,16,35,2.198215,0.1373884375
baseline_bau_warm,16,36,2.291734,0.143233375
baseline_bau_warm,16,37,2.220528,0.138783
baseline_bau_warm,16,38,2.260157,0.1412598125
baseline_bau_warm,16,39,2.228741,0.1392963125
baseline_bau_warm,16,40,2.526601,0.1579125625
baseline_bau_warm,16,41,2.287848,0.1429905
baseline_bau_warm,16,42,2.222882,0.138930125
baseline_bau_warm,16,43,2.233608,0.1396005
baseline_bau_warm,16,44,2.247218,0.140451125
baseline_bau_warm,16,45,2.237284,0.13983025
baseline_bau_warm,16,46,2.250233,0.1406395625
baseline_bau_warm,16,47,2.211456,0.138216
baseline_bau_warm,16,48,2.220709,0.1387943125
baseline_bau_warm,16,49,2.220559,0.1387849375
baseline_bau_warm,16,50,2.233447,0.1395904375
baseline_bau_warm,16,51,2.244474,0.140279625
baseline_bau_warm,16,52,2.206087,0.1378804375
baseline_bau_warm,16,53,2.219116,0.13869475
baseline_bau_warm,16,54,2.241599,0.1400999375
baseline_bau_warm,16,55,2.325474,0.145342125
baseline_bau_warm,16,56,2.260327,0.1412704375
baseline_bau_warm,16,57,2.209613,0.1381008125
baseline_bau_warm,16,58,2.225186,0.139074125
baseline_bau_warm,16,59,2.534713,0.1584195625
baseline_bau_warm,16,60,2.212787,0.1382991875
baseline_bau_warm,16,61,2.347976,0.1467485
baseline_bau_warm,16,62,2.251585,0.1407240625
baseline_bau_warm,16,63,2.233057,0.1395660625
baseline_bau_warm,16,64,2.327015,0.1454384375
baseline_bau_warm,16,65,2.247438,0.140464875
baseline_bau_warm,16,66,2.242951,0.1401844375
baseline_bau_warm,16,67,2.210503,0.1381564375
baseline_bau_warm,16,68,2.186238,0.136639875
baseline_bau_warm,16,69,2.217264,0.138579
baseline_bau_warm,16,70,2.449767,0.1531104375
baseline_bau_warm,16,71,2.792663,0.1745414375
baseline_bau_warm,16,72,2.864159,0.1790099375
baseline_bau_warm,16,73,2.258865,0.1411790625
baseline_bau_warm,16,74,2.257303,0.1410814375
baseline_bau_warm,16,75,2.258575,0.1411609375
baseline_bau_warm,16,76,2.263502,0.141468875
baseline_bau_warm,16,77,2.395627,0.1497266875
baseline_bau_warm,16,78,2.271714,0.141982125
baseline_bau_warm,16,79,2.87177,0.179485625
baseline_bau_warm,16,80,2.513542,0.157096375
baseline_bau_warm,16,81,2.477718,0.154857375
baseline_bau_warm,16,82,2.295529,0.1434705625
baseline_bau_warm,16,83,2.196443,0.1372776875
baseline_bau_warm,16,84,2.436998,0.152312375
baseline_bau_warm,16,85,2.208991,0.1380619375
baseline_bau_warm,16,86,2.457608,0.1536005
baseline_bau_warm,16,87,3.396625,0.2122890625
baseline_bau_warm,16,88,2.30257,0.143910625
baseline_bau_warm,16,89,2.220348,0.13877175
baseline_bau_warm,16,90,2.523896,0.1577435
baseline_bau_warm,16,91,2.25555,0.140971875
baseline_bau_warm,16,92,2.221339,0.1388336875
baseline_bau_warm,16,93,2.265715,0.1416071875
baseline_bau_warm,16,94,2.252646,0.140790375
baseline_bau_warm,16,95,2.523686,0.157730375
baseline_bau_warm,16,96,2.26847,0.141779375
baseline_bau_warm,16,97,2.252596,0.14078725
baseline_bau_warm,16,98,2.609773,0.1631108125
baseline_bau_warm,16,99,2.257283,0.1410801875
baseline_bau_warm,16,100,2.231605,0.1394753125
baseline_bau_warm,16,101,2.281007,0.1425629375
baseline_bau_warm,16,102,2.239397,0.1399623125
baseline_bau_warm,16,103,2.299335,0.1437084375
baseline_bau_warm,16,104,2.233888,0.139618
baseline_bau_warm,16,105,2.258525,0.1411578125
baseline_bau_warm,16,106,2.326795,0.1454246875
baseline_bau_warm,16,107,2.240017,0.1400010625
baseline_bau_warm,16,108,2.386083,0.1491301875
baseline_bau_warm,16,109,2.218085,0.1386303125
baseline_bau_warm,16,110,2.236082,0.139755125
baseline_bau_warm,16,111,2.247388,0.14046175
baseline_bau_warm,16,112,2.38434,0.14902125
baseline_bau_warm,16,113,3.41351,0.213344375
baseline_bau_warm,16,114,2.336069,0.1460043125
baseline_bau_warm,16,115,2.278364,0.14239775
baseline_bau_warm,16,116,2.212817,0.1383010625
baseline_bau_warm,16,117,2.423528,0.1514705
baseline_bau_warm,16,118,2.646187,0.1653866875
baseline_bau_warm,16,119,2.295309,0.1434568125
baseline_bau_warm,16,120,2.367145,0.1479465625
baseline_bau_warm,16,121,2.18096,0.13631
baseline_bau_warm,16,122,2.473523,0.1545951875
baseline_bau_warm,16,123,2.456588,0.15353675
baseline_bau_warm,16,124,2.197565,0.1373478125
baseline_bau_warm,16,125,2.207359,0.1379599375
baseline_bau_warm,16,126,2.274268,0.14214175
baseline_bau_warm,16,127,2.32286,0.14517875
baseline_bau_warm,16,128,2.297743,0.1436089375
baseline_bau_warm,16,129,2.183274,0.136454625
baseline_bau_warm,16,130,2.355969,0.1472480625
baseline_bau_warm,16,131,2.299025,0.1436890625
baseline_bau_warm,16,132,2.191326,0.136957875
baseline_bau_warm,16,133,2.318123,0.1448826875
baseline_bau_warm,16,134,2.233418,0.139588625
baseline_bau_warm,16,135,2.357371,0.1473356875
baseline_bau_warm,16,136,2.333826,0.145864125
baseline_bau_warm,16,137,2.483948,0.15524675
baseline_bau_warm,16,138,2.371391,0.1482119375
baseline_bau_warm,16,139,2.869968,0.179373
baseline_bau_warm,16,140,2.47197,0.154498125
baseline_bau_warm,16,141,2.212798,0.138299875
baseline_bau_warm,16,142,2.404741,0.1502963125
baseline_bau_warm,16,143,2.236352,0.139772
baseline_bau_warm,16,144,2.2415,0.14009375
baseline_bau_warm,16,145,2.239406,0.139962875
baseline_bau_warm,16,146,2.426493,0.1516558125
baseline_bau_warm,16,147,2.386063,0.1491289375
baseline_bau_warm,16,148,2.223673,0.1389795625
baseline_bau_warm,16,149,2.205667,0.1378541875
baseline_bau_warm,16,150,2.244043,0.1402526875
baseline_bau_warm,16,151,2.202031,0.1376269375
baseline_bau_warm,16,152,2.355468,0.14721675
baseline_bau_warm,16,153,2.203694,0.137730875
baseline_bau_warm,16,154,2.181451,0.1363406875
baseline_bau_warm,16,155,2.248711,0.1405444375
baseline_bau_warm,16,156,2.197004,0.13731275
baseline_bau_warm,16,157,2.495835,0.1559896875
baseline_bau_warm,16,158,2.204796,0.13779975
baseline_bau_warm,16,159,2.238265,0.1398915625
baseline_bau_warm,32,0,2.233237,0.06978865625
baseline_bau_warm,32,1,2.227069,0.06959590625
baseline_bau_warm,32,2,2.41084,0.07533875
baseline_bau_warm,32,3,2.30225,0.0719453125
baseline_bau_warm,32,4,2.349519,0.07342246875
baseline_bau_warm,32,5,2.268159,0.07087996875
baseline_bau_warm,32,6,2.22113,0.0694103125
baseline_bau_warm,32,7,2.363631,0.07386346875
baseline_bau_warm,32,8,2.367185,0.07397453125
baseline_bau_warm,32,9,2.238615,0.06995671875
baseline_bau_warm,32,10,2.453583,0.07667446875
baseline_bau_warm,32,11,2.366865,0.07396453125
baseline_bau_warm,32,12,2.220819,0.06940059375
baseline_bau_warm,32,13,2.277663,0.07117696875
baseline_bau_warm,32,14,2.28936,0.0715425
baseline_bau_warm,32,15,2.339345,0.07310453125
baseline_bau_warm,32,16,2.552779,0.07977434375
baseline_bau_warm,32,17,2.311583,0.07223696875
baseline_bau_warm,32,18,2.246116,0.070191125
baseline_bau_warm,32,19,2.281899,0.07130934375
baseline_bau_warm,32,20,2.218225,0.06931953125
baseline_bau_warm,32,21,2.247178,0.0702243125
baseline_bau_warm,32,22,2.252035,0.07037609375
baseline_bau_warm,32,23,2.28892,0.07152875
baseline_bau_warm,32,24,2.246427,0.07020084375
baseline_bau_warm,32,25,2.216192,0.069256
baseline_bau_warm,32,26,2.254168,0.07044275
baseline_bau_warm,32,27,2.37068,0.07408375
baseline_bau_warm,32,28,2.265495,0.07079671875
baseline_bau_warm,32,29,2.24827,0.0702584375
baseline_bau_warm,32,30,2.231244,0.069726375
baseline_bau_warm,32,31,2.285504,0.071422
baseline_bau_warm,32,32,2.293096,0.07165925
baseline_bau_warm,32,33,2.20788,0.06899625
baseline_bau_warm,32,34,2.251464,0.07035825
baseline_bau_warm,32,35,2.234409,0.06982528125
baseline_bau_warm,32,36,2.578828,0.080588375
baseline_bau_warm,32,37,2.418861,0.07558940625
baseline_bau_warm,32,38,2.24162,0.070050625
baseline_bau_warm,32,39,2.266978,0.0708430625
baseline_bau_warm,32,40,2.3157,0.072365625
baseline_bau_warm,32,41,2.246467,0.07020209375
baseline_bau_warm,32,42,2.503376,0.0782305
baseline_bau_warm,32,43,2.272526,0.0710164375
baseline_bau_warm,32,44,2.298273,0.07182103125
baseline_bau_warm,32,45,2.247298,0.0702280625
baseline_bau_warm,32,46,2.235792,0.0698685
baseline_bau_warm,32,47,2.265456,0.0707955
baseline_bau_warm,32,48,2.358883,0.07371509375
baseline_bau_warm,32,49,2.222562,0.0694550625
baseline_bau_warm,32,50,2.247449,0.07023278125
baseline_bau_warm,32,51,2.239527,0.06998521875
baseline_bau_warm,32,52,2.287087,0.07147146875
baseline_bau_warm,32,53,2.270783,0.07096196875
baseline_bau_warm,32,54,2.291333,0.07160415625
baseline_bau_warm,32,55,2.547051,0.07959534375
baseline_bau_warm,32,56,2.376419,0.07426309375
baseline_bau_warm,32,57,2.24163,0.0700509375
baseline_bau_warm,32,58,2.326355,0.07269859375
baseline_bau_warm,32,59,2.257493,0.07054665625
baseline_bau_warm,32,60,2.518149,0.07869215625
baseline_bau_warm,32,61,2.283932,0.071372875
baseline_bau_warm,32,62,2.223182,0.0694744375
baseline_bau_warm,32,63,2.250483,0.07032759375
baseline_bau_warm,32,64,2.362569,0.07383028125
baseline_bau_warm,32,65,2.223153,0.06947353125
baseline_bau_warm,32,66,2.276491,0.07114034375
baseline_bau_warm,32,67,2.233698,0.0698030625
baseline_bau_warm,32,68,2.273317,0.07104115625
baseline_bau_warm,32,69,2.273808,0.0710565
baseline_bau_warm,32,70,2.379663,0.07436446875
baseline_bau_warm,32,71,2.258705,0.07058453125
baseline_bau_warm,32,72,2.40455,0.0751421875
baseline_bau_warm,32,73,2.251655,0.07036421875
baseline_bau_warm,32,74,2.249131,0.07028534375
baseline_bau_warm,32,75,2.541854,0.0794329375
baseline_bau_warm,32,76,2.278775,0.07121171875
baseline_bau_warm,32,77,2.253007,0.07040646875
baseline_bau_warm,32,78,2.215752,0.06924225
baseline_bau_warm,32,79,2.283241,0.07135128125
baseline_bau_warm,32,80,2.315609,0.07236278125
baseline_bau_warm,32,81,2.261769,0.07068028125
baseline_bau_warm,32,82,2.358503,0.07370321875
baseline_bau_warm,32,83,2.230473,0.06970228125
baseline_bau_warm,32,84,2.436037,0.07612615625
baseline_bau_warm,32,85,2.33648,0.073015
baseline_bau_warm,32,86,2.217554,0.0692985625
baseline_bau_warm,32,87,2.266958,0.0708424375
baseline_bau_warm,32,88,2.225286,0.0695401875
baseline_bau_warm,32,89,2.28279,0.0713371875
baseline_bau_warm,32,90,2.235772,0.069867875
baseline_bau_warm,32,91,2.220769,0.06939903125
baseline_bau_warm,32,92,2.262521,0.07070378125
baseline_bau_warm,32,93,2.360596,0.073768625
baseline_bau_warm,32,94,3.034371,0.09482409375
baseline_bau_warm,32,95,3.168398,0.0990124375
baseline_bau_warm,32,96,2.718775,0.08496171875
baseline_bau_warm,32,97,2.275059,0.07109559375
baseline_bau_warm,32,98,2.218185,0.06931828125
baseline_bau_warm,32,99,2.324752,0.0726485
baseline_bau_warm,32,100,2.386604,0.074581375
baseline_bau_warm,32,101,2.321017,0.07253178125
baseline_bau_warm,32,102,2.275119,0.07109746875
baseline_bau_warm,32,103,2.231696,0.0697405
baseline_bau_warm,32,104,2.346856,0.07333925
baseline_bau_warm,32,105,2.416268,0.075508375
baseline_bau_warm,32,106,2.366554,0.0739548125
baseline_bau_warm,32,107,2.26893,0.0709040625
baseline_bau_warm,32,108,2.418561,0.07558003125
baseline_bau_warm,32,109,2.330802,0.0728375625
baseline_bau_warm,32,110,2.251024,0.0703445
baseline_bau_warm,32,111,2.215331,0.06922909375
baseline_bau_warm,32,112,2.429578,0.0759243125
baseline_bau_warm,32,113,2.931869,0.09162090625
baseline_bau_warm,32,114,2.591777,0.08099303125
baseline_bau_warm,32,115,2.206829,0.06896340625
baseline_bau_warm,32,116,2.498579,0.07808059375
baseline_bau_warm,32,117,2.261219,0.07066309375
baseline_bau_warm,32,118,2.270382,0.0709494375
baseline_bau_warm,32,119,2.253177,0.07041178125
baseline_bau_warm,64,0,2.374006,0.03709384375
baseline_bau_warm,64,1,2.444659,0.038197796875
baseline_bau_warm,64,2,2.31615,0.03618984375
baseline_bau_warm,64,3,2.285634,0.03571303125
baseline_bau_warm,64,4,2.490687,0.038916984375
baseline_bau_warm,64,5,2.311674,0.03611990625
baseline_bau_warm,64,6,2.318053,0.036219578125
baseline_bau_warm,64,7,2.312275,0.036129296875
baseline_bau_warm,64,8,2.372994,0.03707803125
baseline_bau_warm,64,9,2.619768,0.040933875
baseline_bau_warm,64,10,2.375438,0.03711621875
baseline_bau_warm,64,11,2.339754,0.03655865625
baseline_bau_warm,64,12,2.481844,0.0387788125
baseline_bau_warm,64,13,2.623163,0.040986921875
baseline_bau_warm,64,14,2.289972,0.0357808125
baseline_bau_warm,64,15,2.316921,0.036201890625
baseline_bau_warm,64,16,2.490517,0.038914328125
baseline_bau_warm,64,17,2.386924,0.0372956875
baseline_bau_warm,64,18,2.317222,0.03620659375
baseline_bau_warm,64,19,2.334387,0.036474796875
baseline_bau_warm,64,20,2.438781,0.038105953125
baseline_bau_warm,64,21,2.345854,0.03665396875
baseline_bau_warm,64,22,2.297993,0.035906140625
baseline_bau_warm,64,23,2.432943,0.038014734375
baseline_bau_warm,64,24,2.373765,0.037090078125
baseline_bau_warm,64,25,2.330771,0.036418296875
baseline_bau_warm,64,26,2.290332,0.0357864375
baseline_bau_warm,64,27,2.347517,0.036679953125
baseline_bau_warm,64,28,2.33625,0.03650390625
baseline_bau_warm,64,29,2.307077,0.036048078125
baseline_bau_warm,64,30,2.313476,0.0361480625
baseline_bau_warm,64,31,2.290132,0.0357833125
baseline_bau_warm,64,32,2.389408,0.0373345
baseline_bau_warm,64,33,2.804741,0.043824078125
baseline_bau_warm,64,34,2.306576,0.03604025
baseline_bau_warm,64,35,2.386274,0.03728553125
baseline_bau_warm,64,36,2.355228,0.0368004375
baseline_bau_warm,64,37,2.31639,0.03619359375
baseline_bau_warm,64,38,2.319985,0.036249765625
baseline_bau_warm,64,39,2.321598,0.03627496875
baseline_bau_warm,64,40,2.299535,0.035930234375
baseline_bau_warm,64,41,2.416538,0.03775840625
baseline_bau_warm,64,42,2.258445,0.035288203125
baseline_bau_warm,64,43,2.361647,0.036900734375
baseline_bau_warm,64,44,2.382508,0.0372266875
baseline_bau_warm,64,45,2.26838,0.0354434375
baseline_bau_warm,64,46,2.292415,0.035818984375
baseline_bau_warm,64,47,2.293527,0.035836359375
baseline_bau_warm,64,48,2.350471,0.036726109375
baseline_bau_warm,64,49,2.32276,0.036293125
baseline_bau_warm,64,50,2.263522,0.03536753125
baseline_bau_warm,64,51,2.359444,0.0368663125
baseline_bau_warm,64,52,2.802288,0.04378575
baseline_bau_warm,64,53,2.310281,0.036098140625
baseline_bau_warm,64,54,2.356319,0.036817484375
baseline_bau_warm,64,55,2.331092,0.0364233125
baseline_bau_warm,64,56,2.31613,0.03618953125
baseline_bau_warm,64,57,2.298484,0.0359138125
baseline_bau_warm,64,58,2.369989,0.037031078125
baseline_bau_warm,64,59,2.329791,0.036402984375
baseline_bau_warm,64,60,2.378552,0.037164875
baseline_bau_warm,64,61,2.259376,0.03530275
baseline_bau_warm,64,62,2.268961,0.035452515625
baseline_bau_warm,64,63,2.628311,0.041067359375
baseline_bau_warm,64,64,2.321618,0.03627528125
baseline_bau_warm,64,65,2.428927,0.037951984375
baseline_bau_warm,64,66,2.313526,0.03614884375
baseline_bau_warm,64,67,2.323711,0.036307984375
baseline_bau_warm,64,68,2.352644,0.0367600625
baseline_bau_warm,64,69,2.290813,0.035793953125
baseline_bau_warm,64,70,2.269992,0.035468625
baseline_bau_warm,64,71,2.337711,0.036526734375
baseline_bau_warm,64,72,2.645346,0.04133353125
baseline_bau_warm,64,73,2.270763,0.035480671875
baseline_bau_warm,64,74,2.323771,0.036308921875
baseline_bau_warm,64,75,2.405512,0.037586125
baseline_bau_warm,64,76,2.313306,0.03614540625
baseline_bau_warm,64,77,2.296761,0.035886890625
baseline_bau_warm,64,78,2.290682,0.03579190625
baseline_bau_warm,64,79,2.355658,0.03680715625
