alarm_record_id,snapshot_time,severity,alarm_source_type,branch_candidate,alarm_name,first_occurred_at,last_occurred_at,alarm_age_hours,occurrence_times,down_reason,port_oper_status,clearance_status,acknowledgment_status,maintenance_status,reason_group_candidate,candidate_risk_score
alarm_00001,2026-05-04 17:57:19,CRITICAL,AG,HUN,PHYSICAL PORT DOWN,2015-12-19 01:40:10,2015-12-19 01:40:10,90952.28583333333,1.0,unknown,unknown,unknown,unknown,NORMAL,link_down,0.76
alarm_00002,2026-05-04 17:57:19,CRITICAL,AG,PUN,PHYSICAL PORT DOWN,2016-08-25 15:04:22,2016-08-25 15:04:22,84938.8825,1.0,unknown,unknown,unknown,unknown,NORMAL,link_down,0.76
alarm_00003,2026-05-04 17:57:19,CRITICAL,AG,HUN,PHYSICAL PORT DOWN,2016-12-07 16:46:48,2016-12-07 16:46:48,82441.17527777777,1.0,unknown,unknown,unknown,unknown,NORMAL,link_down,0.76
alarm_00004,2026-05-04 17:57:19,CRITICAL,AG,ANC,PHYSICAL PORT DOWN,2016-12-09 17:03:09,2016-12-09 17:03:09,82392.90277777778,1.0,unknown,unknown,unknown,unknown,NORMAL,link_down,0.76
alarm_00005,2026-05-04 17:57:19,CRITICAL,AG,ANC,PHYSICAL PORT DOWN,2016-12-10 12:59:13,2016-12-10 12:59:13,82372.96833333334,1.0,unknown,unknown,unknown,unknown,NORMAL,link_down,0.76
alarm_00006,2026-05-04 17:57:19,CRITICAL,AG,UNKNOWN,PHYSICAL PORT DOWN,2017-04-01 00:27:15,2017-04-01 00:27:15,79697.50111111111,1.0,unknown,unknown,unknown,unknown,NORMAL,link_down,0.76
alarm_00007,2026-05-04 17:57:19,CRITICAL,AG,PUN,PHYSICAL PORT DOWN,2017-06-12 18:50:34,2017-06-12 18:50:34,77951.1125,1.0,unknown,unknown,unknown,unknown,NORMAL,link_down,0.76
alarm_00008,2026-05-04 17:57:19,CRITICAL,CA,NOR,PHYSICAL PORT DOWN,2017-08-29 08:40:40,2017-08-29 08:40:40,76089.2775,1.0,unknown,unknown,unknown,unknown,NORMAL,link_down,0.76
alarm_00009,2026-05-04 17:57:19,CRITICAL,AG,UNKNOWN,PHYSICAL PORT DOWN,2017-09-26 23:51:49,2017-09-26 23:51:49,75402.09166666666,1.0,unknown,unknown,unknown,unknown,NORMAL,link_down,0.76
alarm_00010,2026-05-04 17:57:19,CRITICAL,AG,UNKNOWN,PHYSICAL PORT DOWN,2017-09-26 23:57:34,2017-09-26 23:57:34,75401.99583333333,1.0,unknown,unknown,unknown,unknown,NORMAL,link_down,0.76
alarm_00011,2026-05-04 17:57:19,CRITICAL,AG,UNKNOWN,PHYSICAL PORT DOWN,2017-09-27 00:03:33,2017-09-27 00:03:33,75401.89611111111,1.0,unknown,unknown,unknown,unknown,NORMAL,link_down,0.76
alarm_00012,2026-05-04 17:57:19,CRITICAL,CA,NOR,PHYSICAL PORT DOWN,2017-12-05 00:08:41,2017-12-05 00:08:41,73745.81055555555,1.0,unknown,unknown,unknown,unknown,NORMAL,link_down,0.76
alarm_00013,2026-05-04 17:57:19,CRITICAL,CA,NOR,PHYSICAL PORT DOWN,2017-12-05 00:08:41,2017-12-05 00:08:41,73745.81055555555,1.0,unknown,unknown,unknown,unknown,NORMAL,link_down,0.76
alarm_00014,2026-05-04 17:57:19,CRITICAL,CA,NOR,PHYSICAL PORT DOWN,2017-12-05 00:08:46,2017-12-05 00:08:46,73745.80916666667,1.0,unknown,unknown,unknown,unknown,NORMAL,link_down,0.76
alarm_00015,2026-05-04 17:57:19,CRITICAL,CA,NOR,PHYSICAL PORT DOWN,2017-12-05 00:08:46,2017-12-05 00:08:46,73745.80916666667,1.0,unknown,unknown,unknown,unknown,NORMAL,link_down,0.76
alarm_00016,2026-05-04 17:57:19,CRITICAL,CA,NOR,PHYSICAL PORT DOWN,2017-12-05 00:08:47,2017-12-05 00:08:47,73745.80888888889,1.0,unknown,unknown,unknown,unknown,NORMAL,link_down,0.76
alarm_00017,2026-05-04 17:57:19,CRITICAL,CA,NOR,PHYSICAL PORT DOWN,2017-12-05 00:08:47,2017-12-05 00:08:47,73745.80888888889,1.0,unknown,unknown,unknown,unknown,NORMAL,link_down,0.76
alarm_00018,2026-05-04 17:57:19,CRITICAL,CA,NOR,PHYSICAL PORT DOWN,2017-12-05 00:18:41,2017-12-05 00:18:41,73745.6438888889,1.0,unknown,unknown,unknown,unknown,NORMAL,link_down,0.76
alarm_00019,2026-05-04 17:57:19,CRITICAL,CA,NOR,PHYSICAL PORT DOWN,2017-12-05 00:18:41,2017-12-05 00:18:41,73745.6438888889,1.0,unknown,unknown,unknown,unknown,NORMAL,link_down,0.76
alarm_00020,2026-05-04 17:57:19,CRITICAL,CA,NOR,PHYSICAL PORT DOWN,2017-12-05 01:42:33,2017-12-05 01:42:33,73744.2461111111,1.0,unknown,unknown,unknown,unknown,NORMAL,link_down,0.76
alarm_00021,2026-05-04 17:57:19,CRITICAL,CA,NOR,PHYSICAL PORT DOWN,2017-12-05 01:42:38,2017-12-05 01:42:38,73744.24472222223,1.0,unknown,unknown,unknown,unknown,NORMAL,link_down,0.76
alarm_00022,2026-05-04 17:57:19,CRITICAL,CA,NOR,PHYSICAL PORT DOWN,2017-12-05 01:42:39,2017-12-05 01:42:39,73744.24444444444,1.0,unknown,unknown,unknown,unknown,NORMAL,link_down,0.76
alarm_00023,2026-05-04 17:57:19,CRITICAL,AG,LIP,PHYSICAL PORT DOWN,2017-12-11 18:35:38,2017-12-11 18:35:38,73583.3613888889,1.0,unknown,unknown,unknown,unknown,NORMAL,link_down,0.76
alarm_00024,2026-05-04 17:57:19,CRITICAL,CA,NOR,PHYSICAL PORT DOWN,2017-12-15 00:24:08,2017-12-15 00:24:08,73505.55305555556,1.0,unknown,unknown,unknown,unknown,NORMAL,link_down,0.76
alarm_00025,2026-05-04 17:57:19,CRITICAL,CA,NOR,PHYSICAL PORT DOWN,2017-12-15 00:24:08,2017-12-15 00:24:08,73505.55305555556,1.0,unknown,unknown,unknown,unknown,NORMAL,link_down,0.76
alarm_00026,2026-05-04 17:57:19,CRITICAL,CA,NOR,PHYSICAL PORT DOWN,2017-12-15 00:24:08,2017-12-15 00:24:08,73505.55305555556,1.0,unknown,unknown,unknown,unknown,NORMAL,link_down,0.76
alarm_00027,2026-05-04 17:57:19,CRITICAL,CA,NOR,PHYSICAL PORT DOWN,2017-12-15 00:24:08,2017-12-15 00:24:08,73505.55305555556,1.0,unknown,unknown,unknown,unknown,NORMAL,link_down,0.76
alarm_00028,2026-05-04 17:57:19,CRITICAL,CA,NOR,PHYSICAL PORT DOWN,2017-12-15 00:24:08,2017-12-15 00:24:08,73505.55305555556,1.0,unknown,unknown,unknown,unknown,NORMAL,link_down,0.76
alarm_00029,2026-05-04 17:57:19,CRITICAL,CA,NOR,PHYSICAL PORT DOWN,2017-12-15 00:24:09,2017-12-15 00:24:09,73505.55277777778,1.0,unknown,unknown,unknown,unknown,NORMAL,link_down,0.76
alarm_00030,2026-05-04 17:57:19,CRITICAL,CA,NOR,PHYSICAL PORT DOWN,2017-12-15 00:24:09,2017-12-15 00:24:09,73505.55277777778,1.0,unknown,unknown,unknown,unknown,NORMAL,link_down,0.76
alarm_00031,2026-05-04 17:57:19,CRITICAL,CA,NOR,PHYSICAL PORT DOWN,2017-12-15 00:24:09,2017-12-15 00:24:09,73505.55277777778,1.0,unknown,unknown,unknown,unknown,NORMAL,link_down,0.76
alarm_00032,2026-05-04 17:57:19,CRITICAL,CA,NOR,PHYSICAL PORT DOWN,2017-12-15 00:24:09,2017-12-15 00:24:09,73505.55277777778,1.0,unknown,unknown,unknown,unknown,NORMAL,link_down,0.76
alarm_00033,2026-05-04 17:57:19,CRITICAL,CA,NOR,PHYSICAL PORT DOWN,2017-12-15 00:24:09,2017-12-15 00:24:09,73505.55277777778,1.0,unknown,unknown,unknown,unknown,NORMAL,link_down,0.76
alarm_00034,2026-05-04 17:57:19,CRITICAL,CA,NOR,PHYSICAL PORT DOWN,2017-12-15 00:24:09,2017-12-15 00:24:09,73505.55277777778,1.0,unknown,unknown,unknown,unknown,NORMAL,link_down,0.76
alarm_00035,2026-05-04 17:57:19,CRITICAL,CA,NOR,PHYSICAL PORT DOWN,2017-12-15 00:24:09,2017-12-15 00:24:09,73505.55277777778,1.0,unknown,unknown,unknown,unknown,NORMAL,link_down,0.76
alarm_00036,2026-05-04 17:57:19,CRITICAL,CA,NOR,PHYSICAL PORT DOWN,2017-12-15 00:24:09,2017-12-15 00:24:09,73505.55277777778,1.0,unknown,unknown,unknown,unknown,NORMAL,link_down,0.76
alarm_00037,2026-05-04 17:57:19,CRITICAL,CA,NOR,PHYSICAL PORT DOWN,2017-12-15 00:24:09,2017-12-15 00:24:09,73505.55277777778,1.0,unknown,unknown,unknown,unknown,NORMAL,link_down,0.76
alarm_00038,2026-05-04 17:57:19,CRITICAL,CA,NOR,PHYSICAL PORT DOWN,2017-12-15 00:24:09,2017-12-15 00:24:09,73505.55277777778,1.0,unknown,unknown,unknown,unknown,NORMAL,link_down,0.76
alarm_00039,2026-05-04 17:57:19,CRITICAL,CA,NOR,PHYSICAL PORT DOWN,2017-12-15 00:24:09,2017-12-15 00:24:09,73505.55277777778,1.0,unknown,unknown,unknown,unknown,NORMAL,link_down,0.76
alarm_00040,2026-05-04 17:57:19,CRITICAL,CA,NOR,PHYSICAL PORT DOWN,2017-12-15 00:24:09,2017-12-15 00:24:09,73505.55277777778,1.0,unknown,unknown,unknown,unknown,NORMAL,link_down,0.76
alarm_00041,2026-05-04 17:57:19,CRITICAL,CA,NOR,PHYSICAL PORT DOWN,2017-12-15 00:24:09,2017-12-15 00:24:09,73505.55277777778,1.0,unknown,unknown,unknown,unknown,NORMAL,link_down,0.76
alarm_00042,2026-05-04 17:57:19,CRITICAL,CA,NOR,PHYSICAL PORT DOWN,2017-12-15 00:24:09,2017-12-15 00:24:09,73505.55277777778,1.0,unknown,unknown,unknown,unknown,NORMAL,link_down,0.76
alarm_00043,2026-05-04 17:57:19,CRITICAL,CA,NOR,PHYSICAL PORT DOWN,2017-12-15 00:24:09,2017-12-15 00:24:09,73505.55277777778,1.0,unknown,unknown,unknown,unknown,NORMAL,link_down,0.76
alarm_00044,2026-05-04 17:57:19,CRITICAL,CA,NOR,PHYSICAL PORT DOWN,2017-12-15 00:24:09,2017-12-15 00:24:09,73505.55277777778,1.0,unknown,unknown,unknown,unknown,NORMAL,link_down,0.76
alarm_00045,2026-05-04 17:57:19,CRITICAL,CA,NOR,PHYSICAL PORT DOWN,2017-12-15 00:24:09,2017-12-15 00:24:09,73505.55277777778,1.0,unknown,unknown,unknown,unknown,NORMAL,link_down,0.76
alarm_00046,2026-05-04 17:57:19,CRITICAL,CA,NOR,PHYSICAL PORT DOWN,2017-12-15 00:24:09,2017-12-15 00:24:09,73505.55277777778,1.0,unknown,unknown,unknown,unknown,NORMAL,link_down,0.76
alarm_00047,2026-05-04 17:57:19,CRITICAL,CA,NOR,PHYSICAL PORT DOWN,2017-12-15 00:24:09,2017-12-15 00:24:09,73505.55277777778,1.0,unknown,unknown,unknown,unknown,NORMAL,link_down,0.76
alarm_00048,2026-05-04 17:57:19,CRITICAL,CA,NOR,PHYSICAL PORT DOWN,2017-12-15 00:24:09,2017-12-15 00:24:09,73505.55277777778,1.0,unknown,unknown,unknown,unknown,NORMAL,link_down,0.76
alarm_00049,2026-05-04 17:57:19,CRITICAL,CA,NOR,PHYSICAL PORT DOWN,2017-12-15 00:24:09,2017-12-15 00:24:09,73505.55277777778,1.0,unknown,unknown,unknown,unknown,NORMAL,link_down,0.76
alarm_00050,2026-05-04 17:57:19,CRITICAL,CA,NOR,PHYSICAL PORT DOWN,2017-12-15 00:24:09,2017-12-15 00:24:09,73505.55277777778,1.0,unknown,unknown,unknown,unknown,NORMAL,link_down,0.76
alarm_00051,2026-05-04 17:57:19,CRITICAL,CA,NOR,PHYSICAL PORT DOWN,2017-12-15 00:24:09,2017-12-15 00:24:09,73505.55277777778,1.0,unknown,unknown,unknown,unknown,NORMAL,link_down,0.76
alarm_00052,2026-05-04 17:57:19,CRITICAL,CA,NOR,PHYSICAL PORT DOWN,2017-12-15 00:24:09,2017-12-15 00:24:09,73505.55277777778,1.0,unknown,unknown,unknown,unknown,NORMAL,link_down,0.76
alarm_00053,2026-05-04 17:57:19,CRITICAL,CA,NOR,PHYSICAL PORT DOWN,2017-12-15 00:24:09,2017-12-15 00:24:09,73505.55277777778,1.0,unknown,unknown,unknown,unknown,NORMAL,link_down,0.76
alarm_00054,2026-05-04 17:57:19,CRITICAL,CA,NOR,PHYSICAL PORT DOWN,2017-12-15 00:24:09,2017-12-15 00:24:09,73505.55277777778,1.0,unknown,unknown,unknown,unknown,NORMAL,link_down,0.76
alarm_00055,2026-05-04 17:57:19,CRITICAL,CA,NOR,PHYSICAL PORT DOWN,2017-12-15 00:24:09,2017-12-15 00:24:09,73505.55277777778,1.0,unknown,unknown,unknown,unknown,NORMAL,link_down,0.76
alarm_00056,2026-05-04 17:57:19,CRITICAL,CA,NOR,PHYSICAL PORT DOWN,2017-12-15 00:24:09,2017-12-15 00:24:09,73505.55277777778,1.0,unknown,unknown,unknown,unknown,NORMAL,link_down,0.76
alarm_00057,2026-05-04 17:57:19,CRITICAL,CA,NOR,PHYSICAL PORT DOWN,2017-12-15 00:24:10,2017-12-15 00:24:10,73505.5525,1.0,unknown,unknown,unknown,unknown,NORMAL,link_down,0.76
alarm_00058,2026-05-04 17:57:19,CRITICAL,CA,NOR,PHYSICAL PORT DOWN,2017-12-15 00:45:23,2017-12-15 00:45:23,73505.19888888889,1.0,unknown,unknown,unknown,unknown,NORMAL,link_down,0.76
alarm_00059,2026-05-04 17:57:19,CRITICAL,CA,NOR,PHYSICAL PORT DOWN,2017-12-15 00:45:24,2017-12-15 00:45:24,73505.19861111112,1.0,unknown,unknown,unknown,unknown,NORMAL,link_down,0.76
alarm_00060,2026-05-04 17:57:19,CRITICAL,CA,NOR,PHYSICAL PORT DOWN,2017-12-15 00:45:25,2017-12-15 00:45:25,73505.19833333333,1.0,unknown,unknown,unknown,unknown,NORMAL,link_down,0.76
alarm_00061,2026-05-04 17:57:19,CRITICAL,CA,NOR,PHYSICAL PORT DOWN,2017-12-15 00:45:26,2017-12-15 00:45:26,73505.19805555555,1.0,unknown,unknown,unknown,unknown,NORMAL,link_down,0.76
alarm_00062,2026-05-04 17:57:19,CRITICAL,CA,NOR,PHYSICAL PORT DOWN,2017-12-15 00:45:27,2017-12-15 00:45:27,73505.19777777778,1.0,unknown,unknown,unknown,unknown,NORMAL,link_down,0.76
alarm_00063,2026-05-04 17:57:19,CRITICAL,CA,NOR,PHYSICAL PORT DOWN,2017-12-15 00:45:28,2017-12-15 00:45:28,73505.1975,1.0,unknown,unknown,unknown,unknown,NORMAL,link_down,0.76
alarm_00064,2026-05-04 17:57:19,CRITICAL,CA,NOR,PHYSICAL PORT DOWN,2017-12-15 00:45:29,2017-12-15 00:45:29,73505.19722222222,1.0,unknown,unknown,unknown,unknown,NORMAL,link_down,0.76
alarm_00065,2026-05-04 17:57:19,CRITICAL,CA,NOR,PHYSICAL PORT DOWN,2017-12-15 00:45:30,2017-12-15 00:45:30,73505.19694444444,1.0,unknown,unknown,unknown,unknown,NORMAL,link_down,0.76
alarm_00066,2026-05-04 17:57:19,CRITICAL,CA,NOR,PHYSICAL PORT DOWN,2017-12-15 00:45:31,2017-12-15 00:45:31,73505.19666666667,1.0,unknown,unknown,unknown,unknown,NORMAL,link_down,0.76
alarm_00067,2026-05-04 17:57:19,CRITICAL,CA,NOR,PHYSICAL PORT DOWN,2017-12-15 00:45:32,2017-12-15 00:45:32,73505.19638888889,1.0,unknown,unknown,unknown,unknown,NORMAL,link_down,0.76
alarm_00068,2026-05-04 17:57:19,CRITICAL,CA,NOR,PHYSICAL PORT DOWN,2017-12-15 00:45:33,2017-12-15 00:45:33,73505.19611111112,1.0,unknown,unknown,unknown,unknown,NORMAL,link_down,0.76
alarm_00069,2026-05-04 17:57:19,CRITICAL,CA,NOR,PHYSICAL PORT DOWN,2017-12-15 00:45:34,2017-12-15 00:45:34,73505.19583333333,1.0,unknown,unknown,unknown,unknown,NORMAL,link_down,0.76
alarm_00070,2026-05-04 17:57:19,CRITICAL,CA,NOR,PHYSICAL PORT DOWN,2017-12-15 00:45:36,2017-12-15 00:45:36,73505.19527777778,1.0,unknown,unknown,unknown,unknown,NORMAL,link_down,0.76
alarm_00071,2026-05-04 17:57:19,CRITICAL,CA,NOR,PHYSICAL PORT DOWN,2017-12-15 00:45:37,2017-12-15 00:45:37,73505.195,1.0,unknown,unknown,unknown,unknown,NORMAL,link_down,0.76
alarm_00072,2026-05-04 17:57:19,CRITICAL,CA,NOR,PHYSICAL PORT DOWN,2017-12-15 00:45:38,2017-12-15 00:45:38,73505.19472222222,1.0,unknown,unknown,unknown,unknown,NORMAL,link_down,0.76
alarm_00073,2026-05-04 17:57:19,CRITICAL,CA,NOR,PHYSICAL PORT DOWN,2017-12-15 00:45:39,2017-12-15 00:45:39,73505.19444444444,1.0,unknown,unknown,unknown,unknown,NORMAL,link_down,0.76
alarm_00074,2026-05-04 17:57:19,CRITICAL,CA,NOR,PHYSICAL PORT DOWN,2017-12-15 00:45:40,2017-12-15 00:45:40,73505.19416666667,1.0,unknown,unknown,unknown,unknown,NORMAL,link_down,0.76
alarm_00075,2026-05-04 17:57:19,CRITICAL,CA,NOR,PHYSICAL PORT DOWN,2017-12-15 02:22:10,2017-12-15 02:22:10,73503.58583333333,1.0,unknown,unknown,unknown,unknown,NORMAL,link_down,0.76
alarm_00076,2026-05-04 17:57:19,CRITICAL,CA,NOR,PHYSICAL PORT DOWN,2017-12-15 02:22:11,2017-12-15 02:22:11,73503.58555555556,1.0,unknown,unknown,unknown,unknown,NORMAL,link_down,0.76
alarm_00077,2026-05-04 17:57:19,CRITICAL,CA,NOR,PHYSICAL PORT DOWN,2017-12-15 02:22:12,2017-12-15 02:22:12,73503.58527777778,1.0,unknown,unknown,unknown,unknown,NORMAL,link_down,0.76
alarm_00078,2026-05-04 17:57:19,CRITICAL,CA,NOR,PHYSICAL PORT DOWN,2017-12-15 02:22:13,2017-12-15 02:22:13,73503.585,1.0,unknown,unknown,unknown,unknown,NORMAL,link_down,0.76
alarm_00079,2026-05-04 17:57:19,CRITICAL,CA,NOR,PHYSICAL PORT DOWN,2017-12-15 02:22:14,2017-12-15 02:22:14,73503.58472222222,1.0,unknown,unknown,unknown,unknown,NORMAL,link_down,0.76
alarm_00080,2026-05-04 17:57:19,CRITICAL,CA,NOR,PHYSICAL PORT DOWN,2017-12-15 02:22:15,2017-12-15 02:22:15,73503.58444444444,1.0,unknown,unknown,unknown,unknown,NORMAL,link_down,0.76
alarm_00081,2026-05-04 17:57:19,CRITICAL,CA,NOR,PHYSICAL PORT DOWN,2017-12-15 02:22:16,2017-12-15 02:22:16,73503.58416666667,1.0,unknown,unknown,unknown,unknown,NORMAL,link_down,0.76
alarm_00082,2026-05-04 17:57:19,CRITICAL,CA,NOR,PHYSICAL PORT DOWN,2017-12-15 02:22:17,2017-12-15 02:22:17,73503.58388888888,1.0,unknown,unknown,unknown,unknown,NORMAL,link_down,0.76
alarm_00083,2026-05-04 17:57:19,CRITICAL,CA,NOR,PHYSICAL PORT DOWN,2017-12-15 02:22:18,2017-12-15 02:22:18,73503.58361111111,1.0,unknown,unknown,unknown,unknown,NORMAL,link_down,0.76
alarm_00084,2026-05-04 17:57:19,CRITICAL,CA,NOR,PHYSICAL PORT DOWN,2017-12-15 02:22:19,2017-12-15 02:22:19,73503.58333333333,1.0,unknown,unknown,unknown,unknown,NORMAL,link_down,0.76
alarm_00085,2026-05-04 17:57:19,CRITICAL,CA,NOR,PHYSICAL PORT DOWN,2017-12-15 02:22:20,2017-12-15 02:22:20,73503.58305555556,1.0,unknown,unknown,unknown,unknown,NORMAL,link_down,0.76
alarm_00086,2026-05-04 17:57:19,CRITICAL,CA,NOR,PHYSICAL PORT DOWN,2017-12-15 02:22:21,2017-12-15 02:22:21,73503.58277777777,1.0,unknown,unknown,unknown,unknown,NORMAL,link_down,0.76
alarm_00087,2026-05-04 17:57:19,CRITICAL,CA,NOR,PHYSICAL PORT DOWN,2017-12-15 02:22:22,2017-12-15 02:22:22,73503.5825,1.0,unknown,unknown,unknown,unknown,NORMAL,link_down,0.76
alarm_00088,2026-05-04 17:57:19,CRITICAL,CA,NOR,PHYSICAL PORT DOWN,2017-12-15 02:22:23,2017-12-15 02:22:23,73503.58222222222,1.0,unknown,unknown,unknown,unknown,NORMAL,link_down,0.76
alarm_00089,2026-05-04 17:57:19,CRITICAL,CA,NOR,PHYSICAL PORT DOWN,2017-12-15 02:22:24,2017-12-15 02:22:24,73503.58194444445,1.0,unknown,unknown,unknown,unknown,NORMAL,link_down,0.76
alarm_00090,2026-05-04 17:57:19,CRITICAL,CA,NOR,PHYSICAL PORT DOWN,2017-12-15 02:22:25,2017-12-15 02:22:25,73503.58166666667,1.0,unknown,unknown,unknown,unknown,NORMAL,link_down,0.76
alarm_00091,2026-05-04 17:57:19,CRITICAL,CA,NOR,PHYSICAL PORT DOWN,2017-12-15 02:22:26,2017-12-15 02:22:26,73503.5813888889,1.0,unknown,unknown,unknown,unknown,NORMAL,link_down,0.76
alarm_00092,2026-05-04 17:57:19,CRITICAL,CA,SOU,PHYSICAL PORT DOWN,2017-12-15 04:27:09,2017-12-15 04:27:09,73501.50277777777,1.0,unknown,unknown,unknown,unknown,NORMAL,link_down,0.76
alarm_00093,2026-05-04 17:57:19,CRITICAL,CA,NOR,PHYSICAL PORT DOWN,2017-12-19 00:06:40,2017-12-19 00:06:40,73409.84416666666,1.0,unknown,unknown,unknown,unknown,NORMAL,link_down,0.76
alarm_00094,2026-05-04 17:57:19,CRITICAL,CA,NOR,PHYSICAL PORT DOWN,2017-12-19 00:06:40,2017-12-19 00:06:40,73409.84416666666,1.0,unknown,unknown,unknown,unknown,NORMAL,link_down,0.76
alarm_00095,2026-05-04 17:57:19,CRITICAL,CA,NOR,PHYSICAL PORT DOWN,2017-12-19 00:06:40,2017-12-19 00:06:40,73409.84416666666,1.0,unknown,unknown,unknown,unknown,NORMAL,link_down,0.76
alarm_00096,2026-05-04 17:57:19,CRITICAL,CA,NOR,PHYSICAL PORT DOWN,2017-12-19 00:06:40,2017-12-19 00:06:40,73409.84416666666,1.0,unknown,unknown,unknown,unknown,NORMAL,link_down,0.76
alarm_00097,2026-05-04 17:57:19,CRITICAL,CA,NOR,PHYSICAL PORT DOWN,2017-12-19 00:06:40,2017-12-19 00:06:40,73409.84416666666,1.0,unknown,unknown,unknown,unknown,NORMAL,link_down,0.76
alarm_00098,2026-05-04 17:57:19,CRITICAL,CA,NOR,PHYSICAL PORT DOWN,2017-12-19 00:06:40,2017-12-19 00:06:40,73409.84416666666,1.0,unknown,unknown,unknown,unknown,NORMAL,link_down,0.76
alarm_00099,2026-05-04 17:57:19,CRITICAL,CA,NOR,PHYSICAL PORT DOWN,2017-12-19 00:06:40,2017-12-19 00:06:40,73409.84416666666,1.0,unknown,unknown,unknown,unknown,NORMAL,link_down,0.76
alarm_00100,2026-05-04 17:57:19,CRITICAL,CA,NOR,PHYSICAL PORT DOWN,2017-12-19 00:06:40,2017-12-19 00:06:40,73409.84416666666,1.0,unknown,unknown,unknown,unknown,NORMAL,link_down,0.76
alarm_00101,2026-05-04 17:57:19,CRITICAL,CA,NOR,PHYSICAL PORT DOWN,2017-12-19 00:06:40,2017-12-19 00:06:40,73409.84416666666,1.0,unknown,unknown,unknown,unknown,NORMAL,link_down,0.76
alarm_00102,2026-05-04 17:57:19,CRITICAL,CA,NOR,PHYSICAL PORT DOWN,2017-12-19 00:06:40,2017-12-19 00:06:40,73409.84416666666,1.0,unknown,unknown,unknown,unknown,NORMAL,link_down,0.76
alarm_00103,2026-05-04 17:57:19,CRITICAL,CA,NOR,PHYSICAL PORT DOWN,2017-12-19 00:06:40,2017-12-19 00:06:40,73409.84416666666,1.0,unknown,unknown,unknown,unknown,NORMAL,link_down,0.76
alarm_00104,2026-05-04 17:57:19,CRITICAL,CA,NOR,PHYSICAL PORT DOWN,2017-12-19 00:06:40,2017-12-19 00:06:40,73409.84416666666,1.0,unknown,unknown,unknown,unknown,NORMAL,link_down,0.76
alarm_00105,2026-05-04 17:57:19,CRITICAL,CA,NOR,PHYSICAL PORT DOWN,2017-12-19 00:06:40,2017-12-19 00:06:40,73409.84416666666,1.0,unknown,unknown,unknown,unknown,NORMAL,link_down,0.76
alarm_00106,2026-05-04 17:57:19,CRITICAL,CA,NOR,PHYSICAL PORT DOWN,2017-12-19 00:06:40,2017-12-19 00:06:40,73409.84416666666,1.0,unknown,unknown,unknown,unknown,NORMAL,link_down,0.76
alarm_00107,2026-05-04 17:57:19,CRITICAL,CA,NOR,PHYSICAL PORT DOWN,2017-12-19 00:06:40,2017-12-19 00:06:40,73409.84416666666,1.0,unknown,unknown,unknown,unknown,NORMAL,link_down,0.76
alarm_00108,2026-05-04 17:57:19,CRITICAL,CA,NOR,PHYSICAL PORT DOWN,2017-12-19 00:06:40,2017-12-19 00:06:40,73409.84416666666,1.0,unknown,unknown,unknown,unknown,NORMAL,link_down,0.76
alarm_00109,2026-05-04 17:57:19,CRITICAL,CA,NOR,PHYSICAL PORT DOWN,2017-12-19 00:06:40,2017-12-19 00:06:40,73409.84416666666,1.0,unknown,unknown,unknown,unknown,NORMAL,link_down,0.76
alarm_00110,2026-05-04 17:57:19,CRITICAL,CA,NOR,PHYSICAL PORT DOWN,2017-12-19 00:06:40,2017-12-19 00:06:40,73409.84416666666,1.0,unknown,unknown,unknown,unknown,NORMAL,link_down,0.76
alarm_00111,2026-05-04 17:57:19,CRITICAL,CA,NOR,PHYSICAL PORT DOWN,2017-12-19 00:06:40,2017-12-19 00:06:40,73409.84416666666,1.0,unknown,unknown,unknown,unknown,NORMAL,link_down,0.76
alarm_00112,2026-05-04 17:57:19,CRITICAL,CA,NOR,PHYSICAL PORT DOWN,2017-12-19 00:06:40,2017-12-19 00:06:40,73409.84416666666,1.0,unknown,unknown,unknown,unknown,NORMAL,link_down,0.76
alarm_00113,2026-05-04 17:57:19,CRITICAL,CA,NOR,PHYSICAL PORT DOWN,2017-12-19 00:06:40,2017-12-19 00:06:40,73409.84416666666,1.0,unknown,unknown,unknown,unknown,NORMAL,link_down,0.76
alarm_00114,2026-05-04 17:57:19,CRITICAL,CA,NOR,PHYSICAL PORT DOWN,2017-12-19 00:06:40,2017-12-19 00:06:40,73409.84416666666,1.0,unknown,unknown,unknown,unknown,NORMAL,link_down,0.76
alarm_00115,2026-05-04 17:57:19,CRITICAL,CA,NOR,PHYSICAL PORT DOWN,2017-12-19 00:06:40,2017-12-19 00:06:40,73409.84416666666,1.0,unknown,unknown,unknown,unknown,NORMAL,link_down,0.76
alarm_00116,2026-05-04 17:57:19,CRITICAL,CA,NOR,PHYSICAL PORT DOWN,2017-12-19 00:06:40,2017-12-19 00:06:40,73409.84416666666,1.0,unknown,unknown,unknown,unknown,NORMAL,link_down,0.76
alarm_00117,2026-05-04 17:57:19,CRITICAL,CA,NOR,PHYSICAL PORT DOWN,2017-12-19 00:06:40,2017-12-19 00:06:40,73409.84416666666,1.0,unknown,unknown,unknown,unknown,NORMAL,link_down,0.76
alarm_00118,2026-05-04 17:57:19,CRITICAL,CA,NOR,PHYSICAL PORT DOWN,2017-12-19 00:06:40,2017-12-19 00:06:40,73409.84416666666,1.0,unknown,unknown,unknown,unknown,NORMAL,link_down,0.76
alarm_00119,2026-05-04 17:57:19,CRITICAL,CA,NOR,PHYSICAL PORT DOWN,2017-12-19 00:06:40,2017-12-19 00:06:40,73409.84416666666,1.0,unknown,unknown,unknown,unknown,NORMAL,link_down,0.76
alarm_00120,2026-05-04 17:57:19,CRITICAL,CA,NOR,PHYSICAL PORT DOWN,2017-12-19 00:06:40,2017-12-19 00:06:40,73409.84416666666,1.0,unknown,unknown,unknown,unknown,NORMAL,link_down,0.76
alarm_00121,2026-05-04 17:57:19,CRITICAL,CA,NOR,PHYSICAL PORT DOWN,2017-12-19 00:06:40,2017-12-19 00:06:40,73409.84416666666,1.0,unknown,unknown,unknown,unknown,NORMAL,link_down,0.76
alarm_00122,2026-05-04 17:57:19,CRITICAL,CA,NOR,PHYSICAL PORT DOWN,2017-12-19 00:06:40,2017-12-19 00:06:40,73409.84416666666,1.0,unknown,unknown,unknown,unknown,NORMAL,link_down,0.76
alarm_00123,2026-05-04 17:57:19,CRITICAL,CA,NOR,PHYSICAL PORT DOWN,2017-12-19 00:06:41,2017-12-19 00:06:41,73409.84388888889,1.0,unknown,unknown,unknown,unknown,NORMAL,link_down,0.76
alarm_00124,2026-05-04 17:57:19,CRITICAL,CA,NOR,PHYSICAL PORT DOWN,2017-12-19 00:08:09,2017-12-19 00:08:09,73409.81944444444,1.0,unknown,unknown,unknown,unknown,NORMAL,link_down,0.76
alarm_00125,2026-05-04 17:57:19,CRITICAL,CA,NOR,PHYSICAL PORT DOWN,2017-12-19 00:08:10,2017-12-19 00:08:10,73409.81916666667,1.0,unknown,unknown,unknown,unknown,NORMAL,link_down,0.76
alarm_00126,2026-05-04 17:57:19,CRITICAL,CA,NOR,PHYSICAL PORT DOWN,2017-12-19 00:08:11,2017-12-19 00:08:11,73409.81888888888,1.0,unknown,unknown,unknown,unknown,NORMAL,link_down,0.76
alarm_00127,2026-05-04 17:57:19,CRITICAL,CA,NOR,PHYSICAL PORT DOWN,2017-12-19 00:08:13,2017-12-19 00:08:13,73409.81833333333,1.0,unknown,unknown,unknown,unknown,NORMAL,link_down,0.76
alarm_00128,2026-05-04 17:57:19,CRITICAL,CA,NOR,PHYSICAL PORT DOWN,2017-12-19 00:08:14,2017-12-19 00:08:14,73409.81805555556,1.0,unknown,unknown,unknown,unknown,NORMAL,link_down,0.76
alarm_00129,2026-05-04 17:57:19,CRITICAL,CA,NOR,PHYSICAL PORT DOWN,2017-12-19 00:08:16,2017-12-19 00:08:16,73409.8175,1.0,unknown,unknown,unknown,unknown,NORMAL,link_down,0.76
alarm_00130,2026-05-04 17:57:19,CRITICAL,CA,NOR,PHYSICAL PORT DOWN,2017-12-19 00:08:17,2017-12-19 00:08:17,73409.81722222222,1.0,unknown,unknown,unknown,unknown,NORMAL,link_down,0.76
alarm_00131,2026-05-04 17:57:19,CRITICAL,CA,NOR,PHYSICAL PORT DOWN,2017-12-19 00:08:18,2017-12-19 00:08:18,73409.81694444445,1.0,unknown,unknown,unknown,unknown,NORMAL,link_down,0.76
alarm_00132,2026-05-04 17:57:19,CRITICAL,CA,NOR,PHYSICAL PORT DOWN,2017-12-19 00:08:19,2017-12-19 00:08:19,73409.81666666667,1.0,unknown,unknown,unknown,unknown,NORMAL,link_down,0.76
alarm_00133,2026-05-04 17:57:19,CRITICAL,CA,NOR,PHYSICAL PORT DOWN,2017-12-19 00:08:21,2017-12-19 00:08:21,73409.81611111111,1.0,unknown,unknown,unknown,unknown,NORMAL,link_down,0.76
alarm_00134,2026-05-04 17:57:19,CRITICAL,CA,NOR,PHYSICAL PORT DOWN,2017-12-19 00:08:22,2017-12-19 00:08:22,73409.81583333333,1.0,unknown,unknown,unknown,unknown,NORMAL,link_down,0.76
alarm_00135,2026-05-04 17:57:19,CRITICAL,CA,NOR,PHYSICAL PORT DOWN,2017-12-19 00:08:23,2017-12-19 00:08:23,73409.81555555556,1.0,unknown,unknown,unknown,unknown,NORMAL,link_down,0.76
alarm_00136,2026-05-04 17:57:19,CRITICAL,CA,NOR,PHYSICAL PORT DOWN,2017-12-19 00:08:25,2017-12-19 00:08:25,73409.815,1.0,unknown,unknown,unknown,unknown,NORMAL,link_down,0.76
alarm_00137,2026-05-04 17:57:19,CRITICAL,CA,NOR,PHYSICAL PORT DOWN,2017-12-19 00:08:26,2017-12-19 00:08:26,73409.81472222222,1.0,unknown,unknown,unknown,unknown,NORMAL,link_down,0.76
alarm_00138,2026-05-04 17:57:19,CRITICAL,CA,NOR,PHYSICAL PORT DOWN,2017-12-19 00:08:27,2017-12-19 00:08:27,73409.81444444445,1.0,unknown,unknown,unknown,unknown,NORMAL,link_down,0.76
alarm_00139,2026-05-04 17:57:19,CRITICAL,CA,NOR,PHYSICAL PORT DOWN,2017-12-19 01:57:13,2017-12-19 01:57:13,73408.00166666666,1.0,unknown,unknown,unknown,unknown,NORMAL,link_down,0.76
alarm_00140,2026-05-04 17:57:19,CRITICAL,CA,NOR,PHYSICAL PORT DOWN,2017-12-19 01:57:14,2017-12-19 01:57:14,73408.0013888889,1.0,unknown,unknown,unknown,unknown,NORMAL,link_down,0.76
alarm_00141,2026-05-04 17:57:19,CRITICAL,CA,NOR,PHYSICAL PORT DOWN,2017-12-19 01:57:16,2017-12-19 01:57:16,73408.00083333334,1.0,unknown,unknown,unknown,unknown,NORMAL,link_down,0.76
alarm_00142,2026-05-04 17:57:19,CRITICAL,CA,NOR,PHYSICAL PORT DOWN,2017-12-19 01:57:17,2017-12-19 01:57:17,73408.00055555555,1.0,unknown,unknown,unknown,unknown,NORMAL,link_down,0.76
alarm_00143,2026-05-04 17:57:19,CRITICAL,CA,NOR,PHYSICAL PORT DOWN,2017-12-19 01:57:18,2017-12-19 01:57:18,73408.00027777778,1.0,unknown,unknown,unknown,unknown,NORMAL,link_down,0.76
alarm_00144,2026-05-04 17:57:19,CRITICAL,CA,NOR,PHYSICAL PORT DOWN,2017-12-19 01:57:19,2017-12-19 01:57:19,73408.0,1.0,unknown,unknown,unknown,unknown,NORMAL,link_down,0.76
alarm_00145,2026-05-04 17:57:19,CRITICAL,CA,NOR,PHYSICAL PORT DOWN,2017-12-19 01:57:21,2017-12-19 01:57:21,73407.99944444445,1.0,unknown,unknown,unknown,unknown,NORMAL,link_down,0.76
alarm_00146,2026-05-04 17:57:19,CRITICAL,CA,NOR,PHYSICAL PORT DOWN,2017-12-19 01:57:22,2017-12-19 01:57:22,73407.99916666666,1.0,unknown,unknown,unknown,unknown,NORMAL,link_down,0.76
alarm_00147,2026-05-04 17:57:19,CRITICAL,CA,NOR,PHYSICAL PORT DOWN,2017-12-19 01:57:23,2017-12-19 01:57:23,73407.99888888889,1.0,unknown,unknown,unknown,unknown,NORMAL,link_down,0.76
alarm_00148,2026-05-04 17:57:19,CRITICAL,CA,NOR,PHYSICAL PORT DOWN,2017-12-19 01:57:24,2017-12-19 01:57:24,73407.9986111111,1.0,unknown,unknown,unknown,unknown,NORMAL,link_down,0.76
alarm_00149,2026-05-04 17:57:19,CRITICAL,CA,NOR,PHYSICAL PORT DOWN,2017-12-19 01:57:26,2017-12-19 01:57:26,73407.99805555555,1.0,unknown,unknown,unknown,unknown,NORMAL,link_down,0.76
alarm_00150,2026-05-04 17:57:19,CRITICAL,CA,NOR,PHYSICAL PORT DOWN,2017-12-19 01:57:27,2017-12-19 01:57:27,73407.99777777778,1.0,unknown,unknown,unknown,unknown,NORMAL,link_down,0.76
alarm_00151,2026-05-04 17:57:19,CRITICAL,CA,NOR,PHYSICAL PORT DOWN,2017-12-19 01:57:28,2017-12-19 01:57:28,73407.9975,1.0,unknown,unknown,unknown,unknown,NORMAL,link_down,0.76
alarm_00152,2026-05-04 17:57:19,CRITICAL,CA,NOR,PHYSICAL PORT DOWN,2017-12-19 01:57:30,2017-12-19 01:57:30,73407.99694444444,1.0,unknown,unknown,unknown,unknown,NORMAL,link_down,0.76
alarm_00153,2026-05-04 17:57:19,CRITICAL,CA,NOR,PHYSICAL PORT DOWN,2017-12-19 01:57:31,2017-12-19 01:57:31,73407.99666666667,1.0,unknown,unknown,unknown,unknown,NORMAL,link_down,0.76
alarm_00154,2026-05-04 17:57:19,CRITICAL,CA,NOR,PHYSICAL PORT DOWN,2017-12-19 01:57:32,2017-12-19 01:57:32,73407.99638888889,1.0,unknown,unknown,unknown,unknown,NORMAL,link_down,0.76
alarm_00155,2026-05-04 17:57:19,CRITICAL,CA,SOU,PHYSICAL PORT DOWN,2018-01-09 00:01:39,2018-01-09 00:01:39,72905.92777777778,1.0,unknown,unknown,unknown,unknown,NORMAL,link_down,0.76
alarm_00156,2026-05-04 17:57:19,CRITICAL,CA,SOU,PHYSICAL PORT DOWN,2018-01-09 00:01:39,2018-01-09 00:01:39,72905.92777777778,1.0,unknown,unknown,unknown,unknown,NORMAL,link_down,0.76
alarm_00157,2026-05-04 17:57:19,CRITICAL,CA,SOU,PHYSICAL PORT DOWN,2018-01-09 00:01:39,2018-01-09 00:01:39,72905.92777777778,1.0,unknown,unknown,unknown,unknown,NORMAL,link_down,0.76
alarm_00158,2026-05-04 17:57:19,CRITICAL,CA,SOU,PHYSICAL PORT DOWN,2018-01-09 00:01:39,2018-01-09 00:01:39,72905.92777777778,1.0,unknown,unknown,unknown,unknown,NORMAL,link_down,0.76
alarm_00159,2026-05-04 17:57:19,CRITICAL,CA,SOU,PHYSICAL PORT DOWN,2018-01-09 00:01:39,2018-01-09 00:01:39,72905.92777777778,1.0,unknown,unknown,unknown,unknown,NORMAL,link_down,0.76
alarm_00160,2026-05-04 17:57:19,CRITICAL,CA,SOU,PHYSICAL PORT DOWN,2018-01-09 00:01:39,2018-01-09 00:01:39,72905.92777777778,1.0,unknown,unknown,unknown,unknown,NORMAL,link_down,0.76
alarm_00161,2026-05-04 17:57:19,CRITICAL,CA,SOU,PHYSICAL PORT DOWN,2018-01-09 00:01:39,2018-01-09 00:01:39,72905.92777777778,1.0,unknown,unknown,unknown,unknown,NORMAL,link_down,0.76
alarm_00162,2026-05-04 17:57:19,CRITICAL,CA,SOU,PHYSICAL PORT DOWN,2018-01-09 00:01:39,2018-01-09 00:01:39,72905.92777777778,1.0,unknown,unknown,unknown,unknown,NORMAL,link_down,0.76
alarm_00163,2026-05-04 17:57:19,CRITICAL,CA,SOU,PHYSICAL PORT DOWN,2018-01-09 00:01:39,2018-01-09 00:01:39,72905.92777777778,1.0,unknown,unknown,unknown,unknown,NORMAL,link_down,0.76
alarm_00164,2026-05-04 17:57:19,CRITICAL,CA,SOU,PHYSICAL PORT DOWN,2018-01-09 00:01:39,2018-01-09 00:01:39,72905.92777777778,1.0,unknown,unknown,unknown,unknown,NORMAL,link_down,0.76
alarm_00165,2026-05-04 17:57:19,CRITICAL,CA,SOU,PHYSICAL PORT DOWN,2018-01-09 00:01:40,2018-01-09 00:01:40,72905.9275,1.0,unknown,unknown,unknown,unknown,NORMAL,link_down,0.76
alarm_00166,2026-05-04 17:57:19,CRITICAL,CA,SOU,PHYSICAL PORT DOWN,2018-01-09 00:01:40,2018-01-09 00:01:40,72905.9275,1.0,unknown,unknown,unknown,unknown,NORMAL,link_down,0.76
alarm_00167,2026-05-04 17:57:19,CRITICAL,CA,SOU,PHYSICAL PORT DOWN,2018-01-09 00:01:40,2018-01-09 00:01:40,72905.9275,1.0,unknown,unknown,unknown,unknown,NORMAL,link_down,0.76
alarm_00168,2026-05-04 17:57:19,CRITICAL,CA,SOU,PHYSICAL PORT DOWN,2018-01-09 00:01:40,2018-01-09 00:01:40,72905.9275,1.0,unknown,unknown,unknown,unknown,NORMAL,link_down,0.76
alarm_00169,2026-05-04 17:57:19,CRITICAL,CA,SOU,PHYSICAL PORT DOWN,2018-01-09 00:28:27,2018-01-09 00:28:27,72905.4811111111,1.0,unknown,unknown,unknown,unknown,NORMAL,link_down,0.76
alarm_00170,2026-05-04 17:57:19,CRITICAL,CA,SOU,PHYSICAL PORT DOWN,2018-01-09 00:28:29,2018-01-09 00:28:29,72905.48055555555,1.0,unknown,unknown,unknown,unknown,NORMAL,link_down,0.76
alarm_00171,2026-05-04 17:57:19,CRITICAL,CA,SOU,PHYSICAL PORT DOWN,2018-01-09 00:28:30,2018-01-09 00:28:30,72905.48027777778,1.0,unknown,unknown,unknown,unknown,NORMAL,link_down,0.76
alarm_00172,2026-05-04 17:57:19,CRITICAL,CA,SOU,PHYSICAL PORT DOWN,2018-01-09 00:28:31,2018-01-09 00:28:31,72905.48,1.0,unknown,unknown,unknown,unknown,NORMAL,link_down,0.76
alarm_00173,2026-05-04 17:57:19,CRITICAL,CA,SOU,PHYSICAL PORT DOWN,2018-01-09 00:28:33,2018-01-09 00:28:33,72905.47944444444,1.0,unknown,unknown,unknown,unknown,NORMAL,link_down,0.76
alarm_00174,2026-05-04 17:57:19,CRITICAL,CA,SOU,PHYSICAL PORT DOWN,2018-01-09 00:28:34,2018-01-09 00:28:34,72905.47916666667,1.0,unknown,unknown,unknown,unknown,NORMAL,link_down,0.76
alarm_00175,2026-05-04 17:57:19,CRITICAL,CA,SOU,PHYSICAL PORT DOWN,2018-01-09 00:28:35,2018-01-09 00:28:35,72905.47888888889,1.0,unknown,unknown,unknown,unknown,NORMAL,link_down,0.76
alarm_00176,2026-05-04 17:57:19,CRITICAL,CA,SOU,PHYSICAL PORT DOWN,2018-01-09 02:03:57,2018-01-09 02:03:57,72903.88944444444,1.0,unknown,unknown,unknown,unknown,NORMAL,link_down,0.76
alarm_00177,2026-05-04 17:57:19,CRITICAL,CA,SOU,PHYSICAL PORT DOWN,2018-01-09 02:03:58,2018-01-09 02:03:58,72903.88916666666,1.0,unknown,unknown,unknown,unknown,NORMAL,link_down,0.76
alarm_00178,2026-05-04 17:57:19,CRITICAL,CA,SOU,PHYSICAL PORT DOWN,2018-01-09 02:03:59,2018-01-09 02:03:59,72903.88888888889,1.0,unknown,unknown,unknown,unknown,NORMAL,link_down,0.76
alarm_00179,2026-05-04 17:57:19,CRITICAL,CA,SOU,PHYSICAL PORT DOWN,2018-01-09 02:04:01,2018-01-09 02:04:01,72903.88833333334,1.0,unknown,unknown,unknown,unknown,NORMAL,link_down,0.76
alarm_00180,2026-05-04 17:57:19,CRITICAL,CA,SOU,PHYSICAL PORT DOWN,2018-01-09 02:04:02,2018-01-09 02:04:02,72903.88805555555,1.0,unknown,unknown,unknown,unknown,NORMAL,link_down,0.76
alarm_00181,2026-05-04 17:57:19,CRITICAL,CA,SOU,PHYSICAL PORT DOWN,2018-01-09 02:04:03,2018-01-09 02:04:03,72903.88777777778,1.0,unknown,unknown,unknown,unknown,NORMAL,link_down,0.76
alarm_00182,2026-05-04 17:57:19,CRITICAL,CA,SOU,PHYSICAL PORT DOWN,2018-01-09 02:04:05,2018-01-09 02:04:05,72903.88722222223,1.0,unknown,unknown,unknown,unknown,NORMAL,link_down,0.76
alarm_00183,2026-05-04 17:57:19,CRITICAL,CA,SOU,PHYSICAL PORT DOWN,2018-01-12 00:07:35,2018-01-12 00:07:35,72833.8288888889,1.0,unknown,unknown,unknown,unknown,NORMAL,link_down,0.76
alarm_00184,2026-05-04 17:57:19,CRITICAL,CA,SOU,PHYSICAL PORT DOWN,2018-01-12 00:07:35,2018-01-12 00:07:35,72833.8288888889,1.0,unknown,unknown,unknown,unknown,NORMAL,link_down,0.76
alarm_00185,2026-05-04 17:57:19,CRITICAL,CA,SOU,PHYSICAL PORT DOWN,2018-01-12 00:07:36,2018-01-12 00:07:36,72833.82861111111,1.0,unknown,unknown,unknown,unknown,NORMAL,link_down,0.76
alarm_00186,2026-05-04 17:57:19,CRITICAL,CA,SOU,PHYSICAL PORT DOWN,2018-01-12 00:07:36,2018-01-12 00:07:36,72833.82861111111,1.0,unknown,unknown,unknown,unknown,NORMAL,link_down,0.76
alarm_00187,2026-05-04 17:57:19,CRITICAL,CA,SOU,PHYSICAL PORT DOWN,2018-01-12 00:07:36,2018-01-12 00:07:36,72833.82861111111,1.0,unknown,unknown,unknown,unknown,NORMAL,link_down,0.76
alarm_00188,2026-05-04 17:57:19,CRITICAL,CA,SOU,PHYSICAL PORT DOWN,2018-01-12 00:07:36,2018-01-12 00:07:36,72833.82861111111,1.0,unknown,unknown,unknown,unknown,NORMAL,link_down,0.76
alarm_00189,2026-05-04 17:57:19,CRITICAL,CA,SOU,PHYSICAL PORT DOWN,2018-01-12 00:07:37,2018-01-12 00:07:37,72833.82833333334,1.0,unknown,unknown,unknown,unknown,NORMAL,link_down,0.76
alarm_00190,2026-05-04 17:57:19,CRITICAL,CA,SOU,PHYSICAL PORT DOWN,2018-01-12 00:07:37,2018-01-12 00:07:37,72833.82833333334,1.0,unknown,unknown,unknown,unknown,NORMAL,link_down,0.76
alarm_00191,2026-05-04 17:57:19,CRITICAL,CA,SOU,PHYSICAL PORT DOWN,2018-01-12 00:13:49,2018-01-12 00:13:49,72833.725,1.0,unknown,unknown,unknown,unknown,NORMAL,link_down,0.76
alarm_00192,2026-05-04 17:57:19,CRITICAL,CA,SOU,PHYSICAL PORT DOWN,2018-01-12 00:13:49,2018-01-12 00:13:49,72833.725,1.0,unknown,unknown,unknown,unknown,NORMAL,link_down,0.76
alarm_00193,2026-05-04 17:57:19,CRITICAL,CA,SOU,PHYSICAL PORT DOWN,2018-01-12 00:13:50,2018-01-12 00:13:50,72833.72472222222,1.0,unknown,unknown,unknown,unknown,NORMAL,link_down,0.76
alarm_00194,2026-05-04 17:57:19,CRITICAL,CA,SOU,PHYSICAL PORT DOWN,2018-01-12 00:13:51,2018-01-12 00:13:51,72833.72444444445,1.0,unknown,unknown,unknown,unknown,NORMAL,link_down,0.76
alarm_00195,2026-05-04 17:57:19,CRITICAL,CA,SOU,PHYSICAL PORT DOWN,2018-01-12 00:13:53,2018-01-12 00:13:53,72833.72388888888,1.0,unknown,unknown,unknown,unknown,NORMAL,link_down,0.76
alarm_00196,2026-05-04 17:57:19,CRITICAL,CA,SOU,PHYSICAL PORT DOWN,2018-01-12 00:13:54,2018-01-12 00:13:54,72833.72361111111,1.0,unknown,unknown,unknown,unknown,NORMAL,link_down,0.76
alarm_00197,2026-05-04 17:57:19,CRITICAL,CA,SOU,PHYSICAL PORT DOWN,2018-01-12 02:01:46,2018-01-12 02:01:46,72831.92583333333,1.0,unknown,unknown,unknown,unknown,NORMAL,link_down,0.76
alarm_00198,2026-05-04 17:57:19,CRITICAL,CA,SOU,PHYSICAL PORT DOWN,2018-01-12 02:01:46,2018-01-12 02:01:46,72831.92583333333,1.0,unknown,unknown,unknown,unknown,NORMAL,link_down,0.76
alarm_00199,2026-05-04 17:57:19,CRITICAL,CA,SOU,PHYSICAL PORT DOWN,2018-01-12 02:01:47,2018-01-12 02:01:47,72831.92555555556,1.0,unknown,unknown,unknown,unknown,NORMAL,link_down,0.76
alarm_00200,2026-05-04 17:57:19,CRITICAL,CA,SOU,PHYSICAL PORT DOWN,2018-01-12 02:01:48,2018-01-12 02:01:48,72831.92527777777,1.0,unknown,unknown,unknown,unknown,NORMAL,link_down,0.76
