threshold,f1,precision,recall,average_precision,balanced_accuracy,brier,tp,fp,fn,tn,weighted_cost_fp_plus_3fn,alert_rate
0.05,0.4441240086517664,0.28544949026876737,1.0,0.4583482064959866,0.5,0.1885896950334147,308,771,0,0,771,1.0
0.055,0.4441240086517664,0.28544949026876737,1.0,0.4583482064959866,0.5,0.1885896950334147,308,771,0,0,771,1.0
0.06,0.4441240086517664,0.28544949026876737,1.0,0.4583482064959866,0.5,0.1885896950334147,308,771,0,0,771,1.0
0.065,0.4441240086517664,0.28544949026876737,1.0,0.4583482064959866,0.5,0.1885896950334147,308,771,0,0,771,1.0
0.06999999999999999,0.4441240086517664,0.28544949026876737,1.0,0.4583482064959866,0.5,0.1885896950334147,308,771,0,0,771,1.0
0.07499999999999998,0.4447653429602888,0.28597957288765086,1.0,0.4583482064959866,0.5012970168612192,0.1885896950334147,308,769,0,2,769,0.9981464318813716
0.07999999999999999,0.4447653429602888,0.28597957288765086,1.0,0.4583482064959866,0.5012970168612192,0.1885896950334147,308,769,0,2,769,0.9981464318813716
0.08499999999999999,0.4447653429602888,0.28597957288765086,1.0,0.4583482064959866,0.5012970168612192,0.1885896950334147,308,769,0,2,769,0.9981464318813716
0.08999999999999998,0.44573082489146165,0.28677839851024206,1.0,0.4583482064959866,0.503242542153048,0.1885896950334147,308,766,0,5,766,0.995366079703429
0.09499999999999997,0.44573082489146165,0.28677839851024206,1.0,0.4583482064959866,0.503242542153048,0.1885896950334147,308,766,0,5,766,0.995366079703429
0.09999999999999998,0.4444444444444444,0.2862488306828812,0.9935064935064936,0.4583482064959866,0.5019413141981236,0.1885896950334147,306,763,2,8,769,0.9907321594068582
0.10499999999999998,0.44541484716157204,0.2870544090056285,0.9935064935064936,0.4583482064959866,0.5038868394899524,0.1885896950334147,306,760,2,11,766,0.9879518072289156
0.10999999999999997,0.44541484716157204,0.2870544090056285,0.9935064935064936,0.4583482064959866,0.5038868394899524,0.1885896950334147,306,760,2,11,766,0.9879518072289156
0.11499999999999998,0.4467153284671533,0.288135593220339,0.9935064935064936,0.4583482064959866,0.5064808732123908,0.1885896950334147,306,756,2,15,762,0.9842446709916589
0.11999999999999997,0.44835164835164837,0.28949858088930935,0.9935064935064936,0.4583482064959866,0.5097234153654387,0.1885896950334147,306,751,2,20,757,0.9796107506950881
0.12499999999999996,0.45132743362831856,0.2919847328244275,0.9935064935064936,0.4583482064959866,0.5155599912409251,0.1885896950334147,306,742,2,29,748,0.9712696941612604
0.12999999999999995,0.45535714285714285,0.2953667953667954,0.9935064935064936,0.4583482064959866,0.5233420924082403,0.1885896950334147,306,730,2,41,736,0.9601482854494903
0.13499999999999995,0.45795795795795796,0.2978515625,0.9902597402597403,0.4583482064959866,0.5288523085215693,0.1885896950334147,305,719,3,52,728,0.9490268767377201
0.13999999999999996,0.4599092284417549,0.29980276134122286,0.987012987012987,0.4583482064959866,0.533065507773679,0.1885896950334147,304,710,4,61,722,0.9397590361445783
0.14499999999999996,0.4622425629290618,0.3020937188434696,0.9837662337662337,0.4583482064959866,0.5379272154563983,0.1885896950334147,303,700,5,71,715,0.9295644114921223
0.14999999999999997,0.46319018404907975,0.3032128514056225,0.9805194805194806,0.4583482064959866,0.5401948894166794,0.1885896950334147,302,694,6,77,712,0.9230769230769231
0.15499999999999997,0.46967340590979784,0.30879345603271985,0.9805194805194806,0.4583482064959866,0.5518680411676521,0.1885896950334147,302,676,6,95,694,0.9063948100092678
0.15999999999999995,0.46985121378230227,0.30959752321981426,0.974025974025974,0.4583482064959866,0.553160846935166,0.1885896950334147,300,669,8,102,693,0.8980537534754403
0.16499999999999992,0.4726407613005551,0.3126967471143757,0.9675324675324676,0.4583482064959866,0.5589932117169472,0.1885896950334147,298,655,10,116,685,0.8832252085264134
0.16999999999999993,0.4691753402722178,0.31137088204038255,0.9512987012987013,0.4583482064959866,0.5554158876143311,0.1885896950334147,293,648,15,123,693,0.8721037998146431
0.17499999999999993,0.4631578947368421,0.30852211434735705,0.9285714285714286,0.4583482064959866,0.5485918102649621,0.1885896950334147,286,641,22,130,707,0.8591288229842446
0.17999999999999994,0.46355446355446356,0.3099671412924425,0.9188311688311688,0.4583482064959866,0.5508552731315377,0.1885896950334147,283,630,25,141,705,0.8461538461538461
0.18499999999999994,0.46727423363711684,0.3136818687430478,0.9155844155844156,0.4583482064959866,0.5576625061060859,0.1885896950334147,282,617,26,154,695,0.8331788693234476
0.18999999999999995,0.4714765100671141,0.3178733031674208,0.9123376623376623,0.4583482064959866,0.5651182475112436,0.1885896950334147,281,603,27,168,684,0.8192771084337349
0.19499999999999995,0.4745762711864407,0.3211009174311927,0.9090909090909091,0.4583482064959866,0.5706284636245725,0.1885896950334147,280,592,28,179,676,0.8081556997219648
0.1999999999999999,0.47807394668959585,0.32514619883040935,0.9025974025974026,0.4583482064959866,0.5771093368369633,0.1885896950334147,278,577,30,194,667,0.7924003707136237
0.2049999999999999,0.47660311958405543,0.32505910165484636,0.8928571428571429,0.4583482064959866,0.5761302575504911,0.1885896950334147,275,571,33,200,670,0.7840593141797961
0.2099999999999999,0.47685589519650656,0.32616487455197135,0.8863636363636364,0.4583482064959866,0.577423063318005,0.1885896950334147,273,564,35,207,669,0.7757182576459685
0.2149999999999999,0.4786476868327402,0.32965686274509803,0.8733766233766234,0.4583482064959866,0.5819542001448617,0.1885896950334147,269,547,39,224,664,0.7562557924003707
0.21999999999999992,0.4823848238482385,0.3341677096370463,0.8668831168831169,0.4583482064959866,0.5884350733572523,0.1885896950334147,267,532,41,239,655,0.7405004633920297
0.22499999999999992,0.48628884826325414,0.3384223918575064,0.8636363636363636,0.4583482064959866,0.5945937979011909,0.1885896950334147,266,520,42,251,646,0.7284522706209453
0.22999999999999993,0.4897959183673469,0.34285714285714286,0.8571428571428571,0.4583482064959866,0.600426162682972,0.1885896950334147,264,506,44,265,638,0.7136237256719185
0.23499999999999993,0.4939195509822264,0.3469119579500657,0.8571428571428571,0.4583482064959866,0.6062627385584584,0.1885896950334147,264,497,44,274,629,0.7052826691380908
0.23999999999999988,0.4971751412429379,0.35013262599469497,0.8571428571428571,0.4583482064959866,0.6108022975727255,0.1885896950334147,264,490,44,281,622,0.6987951807228916
0.24499999999999988,0.5009560229445507,0.35501355013550134,0.8506493506493507,0.4583482064959866,0.6166346623545067,0.1885896950334147,262,476,46,295,614,0.6839666357738647
0.2499999999999999,0.5038910505836576,0.3597222222222222,0.8409090909090909,0.4583482064959866,0.6214921589435208,0.1885896950334147,259,461,49,310,608,0.6672845227062094
0.2549999999999999,0.5044160942100098,0.36146272855133615,0.8344155844155844,0.4583482064959866,0.6227849647110347,0.1885896950334147,257,454,51,317,607,0.6589434661723819
0.2599999999999999,0.5099601593625498,0.367816091954023,0.8311688311688312,0.4583482064959866,0.6302407061161925,0.1885896950334147,256,440,52,331,596,0.6450417052826691
0.2649999999999999,0.5136501516683518,0.37298091042584436,0.8246753246753247,0.4583482064959866,0.635424562467364,0.1885896950334147,254,427,54,344,589,0.6311399443929564
0.2699999999999999,0.5108583247156153,0.37481031866464337,0.801948051948052,0.4583482064959866,0.6337885525628717,0.1885896950334147,247,412,61,359,595,0.6107506950880445
0.2749999999999999,0.5137420718816068,0.38087774294670845,0.788961038961039,0.4583482064959866,0.6383196893897283,0.1885896950334147,243,395,65,376,590,0.5912882298424467
0.27999999999999986,0.5173160173160173,0.387987012987013,0.775974025974026,0.4583482064959866,0.6434993346471946,0.1885896950334147,239,377,69,394,584,0.5708989805375347
0.28499999999999986,0.5165562913907285,0.391304347826087,0.7597402597402597,0.4583482064959866,0.6438130611282362,0.1885896950334147,234,364,74,407,586,0.5542168674698795
0.28999999999999987,0.5153234960272418,0.3961605584642234,0.737012987012987,0.4583482064959866,0.6441225765155727,0.1885896950334147,227,346,81,425,589,0.531047265987025
0.2949999999999999,0.5127610208816705,0.3989169675090253,0.7175324675324676,0.4583482064959866,0.6428129263732376,0.1885896950334147,221,333,87,438,594,0.5134383688600556
0.2999999999999999,0.5129411764705882,0.4022140221402214,0.7077922077922078,0.4583482064959866,0.6437793723785942,0.1885896950334147,218,324,90,447,594,0.5023169601482854
0.3049999999999999,0.5053892215568863,0.40037950664136623,0.685064935064935,0.4583482064959866,0.6376038034598346,0.1885896950334147,211,316,97,455,607,0.48841519925857274
0.3099999999999999,0.4987714987714988,0.40118577075098816,0.6590909090909091,0.4583482064959866,0.6330474000707463,0.1885896950334147,203,303,105,468,618,0.468952734012975
0.31499999999999984,0.49559748427672956,0.40451745379876797,0.6396103896103896,0.4583482064959866,0.6317377499284114,0.1885896950334147,197,290,111,481,623,0.45134383688600554
0.31999999999999984,0.4805194805194805,0.4004329004329004,0.6006493506493507,0.4583482064959866,0.6206878400458167,0.1885896950334147,185,277,123,494,646,0.4281742354031511
0.32499999999999984,0.4786096256684492,0.4068181818181818,0.5811688311688312,0.4583482064959866,0.6213237151953106,0.1885896950334147,179,261,129,510,648,0.4077849860982391
0.32999999999999985,0.47058823529411764,0.4066193853427896,0.5584415584415584,0.4583482064959866,0.6164451631377701,0.1885896950334147,172,251,136,520,659,0.39202965708989806
0.33499999999999985,0.4541607898448519,0.4014962593516209,0.5227272727272727,0.4583482064959866,0.6057216130173328,0.1885896950334147,161,240,147,531,681,0.3716404077849861
0.33999999999999986,0.4531024531024531,0.4077922077922078,0.5097402597402597,0.4583482064959866,0.6070102076911416,0.1885896950334147,157,228,151,543,681,0.3568118628359592
0.34499999999999986,0.45294117647058824,0.41397849462365593,0.5,0.4583482064959866,0.6086251621271077,0.1885896950334147,154,218,154,553,680,0.3447636700648749
0.3499999999999998,0.44042232277526394,0.4112676056338028,0.474025974025974,0.4583482064959866,0.601474725015581,0.1885896950334147,146,209,162,562,695,0.3290083410565338
0.3549999999999998,0.4406779661016949,0.41935483870967744,0.4642857142857143,0.4583482064959866,0.6037381878821568,0.1885896950334147,143,198,165,573,693,0.3160333642261353
0.3599999999999998,0.43630573248407645,0.428125,0.4448051948051948,0.4583482064959866,0.6037255546010409,0.1885896950334147,137,183,171,588,696,0.2965708989805375
0.3649999999999998,0.43478260869565216,0.43130990415335463,0.4383116883116883,0.4583482064959866,0.6037213435073358,0.1885896950334147,135,178,173,593,697,0.29008341056533826
0.36999999999999983,0.4302134646962233,0.43521594684385384,0.4253246753246753,0.4583482064959866,0.6024159044587061,0.1885896950334147,131,170,177,601,701,0.2789620018535681
0.37499999999999983,0.4292845257903494,0.4402730375426621,0.41883116883116883,0.4583482064959866,0.6030602017956104,0.1885896950334147,129,164,179,607,701,0.2715477293790547
0.37999999999999984,0.4244482173174873,0.44483985765124556,0.40584415584415584,0.4583482064959866,0.6017547627469807,0.1885896950334147,125,156,183,615,705,0.26042632066728455
0.38499999999999984,0.4212328767123288,0.44565217391304346,0.39935064935064934,0.4583482064959866,0.6004535347920562,0.1885896950334147,123,153,185,618,708,0.2557924003707136
0.38999999999999985,0.4181184668989547,0.45112781954887216,0.38961038961038963,0.4583482064959866,0.6001229639361936,0.1885896950334147,120,146,188,625,710,0.24652455977757182
0.3949999999999998,0.40569395017793597,0.44881889763779526,0.37012987012987014,0.4583482064959866,0.5942737547795913,0.1885896950334147,114,140,194,631,722,0.23540315106580167
0.3999999999999998,0.4072072072072072,0.4574898785425101,0.36688311688311687,0.4583482064959866,0.5965414287398723,0.1885896950334147,113,134,195,637,719,0.2289156626506024
0.4049999999999998,0.4007352941176471,0.461864406779661,0.3538961038961039,0.4583482064959866,0.594587481260633,0.1885896950334147,109,127,199,644,724,0.21872103799814643
0.4099999999999998,0.40373831775700936,0.47577092511013214,0.35064935064935066,0.4583482064959866,0.5981521720821332,0.1885896950334147,108,119,200,652,719,0.21037998146431883
0.4149999999999998,0.4060721062618596,0.4885844748858447,0.3474025974025974,0.4583482064959866,0.6010683544730238,0.1885896950334147,107,112,201,659,715,0.20296570898980537
0.4199999999999998,0.4015444015444015,0.49523809523809526,0.33766233766233766,0.4583482064959866,0.6000892751865514,0.1885896950334147,104,106,204,665,718,0.19462465245597776
0.4249999999999998,0.3968565815324165,0.5024875621890548,0.32792207792207795,0.4583482064959866,0.5991101959000792,0.1885896950334147,101,100,207,671,721,0.18628359592215013
0.42999999999999977,0.37675350701402804,0.49214659685863876,0.3051948051948052,0.4583482064959866,0.5896920848282716,0.1885896950334147,94,97,214,674,739,0.17701575532900835
0.4349999999999998,0.37322515212981744,0.4972972972972973,0.2987012987012987,0.4583482064959866,0.5890393653039567,0.1885896950334147,92,93,216,678,741,0.17145505097312327
0.4399999999999998,0.36960985626283366,0.5027932960893855,0.2922077922077922,0.4583482064959866,0.5883866457796418,0.1885896950334147,90,89,218,682,743,0.16589434661723818
0.4449999999999998,0.3659043659043659,0.5086705202312138,0.2857142857142857,0.4583482064959866,0.5877339262553269,0.1885896950334147,88,85,220,686,745,0.1603336422613531
0.4499999999999998,0.34893617021276596,0.5061728395061729,0.2662337662337662,0.4583482064959866,0.5812362086681153,0.1885896950334147,82,80,226,691,758,0.15013901760889714
0.4549999999999998,0.3311546840958606,0.5033112582781457,0.24675324675324675,0.4583482064959866,0.5747384910809036,0.1885896950334147,76,75,232,696,771,0.13994439295644115
0.4599999999999998,0.3185840707964602,0.5,0.23376623376623376,0.4583482064959866,0.5701905098792258,0.1885896950334147,72,72,236,699,780,0.1334569045412419
0.4649999999999998,0.3167420814479638,0.5223880597014925,0.22727272727272727,0.4583482064959866,0.5721318240773493,0.1885896950334147,70,64,238,707,778,0.12418906394810009
0.4699999999999998,0.30344827586206896,0.5196850393700787,0.21428571428571427,0.4583482064959866,0.5675838428756717,0.1885896950334147,66,61,242,710,787,0.11770157553290084
0.47499999999999976,0.30484988452655887,0.528,0.21428571428571427,0.4583482064959866,0.5688808597368908,0.1885896950334147,66,59,242,712,785,0.11584800741427248
0.47999999999999976,0.289044289044289,0.512396694214876,0.2012987012987013,0.4583482064959866,0.5623873532433844,0.1885896950334147,62,59,246,712,797,0.11214087117701575
0.48499999999999976,0.2823529411764706,0.5128205128205128,0.19480519480519481,0.4583482064959866,0.5604376168578503,0.1885896950334147,60,57,248,714,801,0.10843373493975904
0.48999999999999977,0.2843601895734597,0.5263157894736842,0.19480519480519481,0.4583482064959866,0.5623831421496791,0.1885896950334147,60,54,248,717,798,0.1056533827618165
0.4949999999999998,0.28162291169451076,0.5315315315315315,0.19155844155844157,0.4583482064959866,0.5620567823875217,0.1885896950334147,59,52,249,719,799,0.10287303058387395
0.4999999999999998,0.27884615384615385,0.5370370370370371,0.18831168831168832,0.4583482064959866,0.5617304226253643,0.1885896950334147,58,50,250,721,800,0.10009267840593142
0.5049999999999998,0.2682926829268293,0.5392156862745098,0.17857142857142858,0.4583482064959866,0.5588058180470632,0.1885896950334147,55,47,253,724,806,0.09453197405004633
0.5099999999999998,0.26044226044226043,0.5353535353535354,0.17207792207792208,0.4583482064959866,0.5562075732309195,0.1885896950334147,53,46,255,725,811,0.0917516218721038
0.5149999999999998,0.2617283950617284,0.5463917525773195,0.17207792207792208,0.4583482064959866,0.5575045900921387,0.1885896950334147,53,44,255,727,809,0.08989805375347544
0.5199999999999998,0.24937655860349128,0.5376344086021505,0.16233766233766234,0.4583482064959866,0.5532829686526184,0.1885896950334147,50,43,258,728,817,0.08619091751621873
0.5249999999999998,0.24937655860349128,0.5376344086021505,0.16233766233766234,0.4583482064959866,0.5532829686526184,0.1885896950334147,50,43,258,728,817,0.08619091751621873
0.5299999999999998,0.24181360201511334,0.5393258426966292,0.15584415584415584,0.4583482064959866,0.5513332322670844,0.1885896950334147,48,41,260,730,821,0.082483781278962
0.5349999999999998,0.2340966921119593,0.5411764705882353,0.14935064935064934,0.4583482064959866,0.5493834958815503,0.1885896950334147,46,39,262,732,825,0.07877664504170528
0.5399999999999998,0.22959183673469388,0.5357142857142857,0.1461038961038961,0.4583482064959866,0.5477601192581737,0.1885896950334147,45,39,263,732,828,0.0778498609823911
0.5449999999999998,0.234375,0.5921052631578947,0.1461038961038961,0.4583482064959866,0.5529481867030506,0.1885896950334147,45,31,263,740,820,0.07043558850787766
0.5499999999999998,0.22572178477690288,0.589041095890411,0.1396103896103896,0.4583482064959866,0.5503499418869069,0.1885896950334147,43,30,265,741,825,0.06765523632993513
0.5549999999999998,0.21164021164021163,0.5714285714285714,0.12987012987012986,0.4583482064959866,0.545479812016777,0.1885896950334147,40,30,268,741,834,0.06487488415199258
0.5599999999999998,0.2074468085106383,0.5735294117647058,0.1266233766233766,0.4583482064959866,0.5445049438240099,0.1885896950334147,39,29,269,742,836,0.06302131603336422
0.5649999999999998,0.1793478260869565,0.55,0.10714285714285714,0.4583482064959866,0.5360617009449694,0.1885896950334147,33,27,275,744,852,0.05560704355885079
0.5699999999999998,0.16939890710382513,0.5344827586206896,0.10064935064935066,0.4583482064959866,0.5328149476982162,0.1885896950334147,31,27,277,744,858,0.05375347544022243
0.5749999999999997,0.17079889807162535,0.5636363636363636,0.10064935064935066,0.4583482064959866,0.534760472990045,0.1885896950334147,31,24,277,747,855,0.05097312326227989
0.5799999999999997,0.17174515235457063,0.5849056603773585,0.10064935064935066,0.4583482064959866,0.5360574898512642,0.1885896950334147,31,22,277,749,853,0.04911955514365153
0.5849999999999997,0.16759776536312848,0.6,0.09740259740259741,0.4583482064959866,0.5357311300891068,0.1885896950334147,30,20,278,751,854,0.04633920296570899
0.5899999999999997,0.1638418079096045,0.6304347826086957,0.09415584415584416,0.4583482064959866,0.5360532787575589,0.1885896950334147,29,17,279,754,854,0.042632066728452274
0.5949999999999998,0.1638418079096045,0.6304347826086957,0.09415584415584416,0.4583482064959866,0.5360532787575589,0.1885896950334147,29,17,279,754,854,0.042632066728452274
0.5999999999999998,0.1643059490084986,0.6444444444444445,0.09415584415584416,0.4583482064959866,0.5367017871881685,0.1885896950334147,29,16,279,755,853,0.04170528266913809
0.6049999999999998,0.1643059490084986,0.6444444444444445,0.09415584415584416,0.4583482064959866,0.5367017871881685,0.1885896950334147,29,16,279,755,853,0.04170528266913809
0.6099999999999998,0.15384615384615385,0.627906976744186,0.08766233766233766,0.4583482064959866,0.5334550339414152,0.1885896950334147,27,16,281,755,859,0.03985171455050973
0.6149999999999998,0.15384615384615385,0.627906976744186,0.08766233766233766,0.4583482064959866,0.5334550339414152,0.1885896950334147,27,16,281,755,859,0.03985171455050973
0.6199999999999998,0.14326647564469913,0.6097560975609756,0.08116883116883117,0.4583482064959866,0.530208280694662,0.1885896950334147,25,16,283,755,865,0.037998146431881374
0.6249999999999998,0.14326647564469913,0.6097560975609756,0.08116883116883117,0.4583482064959866,0.530208280694662,0.1885896950334147,25,16,283,755,865,0.037998146431881374
0.6299999999999998,0.138328530259366,0.6153846153846154,0.07792207792207792,0.4583482064959866,0.5292334125018949,0.1885896950334147,24,15,284,756,867,0.03614457831325301
0.6349999999999998,0.1329479768786127,0.6052631578947368,0.07467532467532467,0.4583482064959866,0.5276100358785183,0.1885896950334147,23,15,285,756,870,0.03521779425393883
0.6399999999999998,0.12753623188405797,0.5945945945945946,0.07142857142857142,0.4583482064959866,0.5259866592551418,0.1885896950334147,22,15,286,756,873,0.03429101019462465
0.6449999999999998,0.1282798833819242,0.6285714285714286,0.07142857142857142,0.4583482064959866,0.527283676116361,0.1885896950334147,22,13,286,758,871,0.03243744207599629
0.6499999999999997,0.1282798833819242,0.6285714285714286,0.07142857142857142,0.4583482064959866,0.527283676116361,0.1885896950334147,22,13,286,758,871,0.03243744207599629
0.6549999999999997,0.12903225806451613,0.6666666666666666,0.07142857142857142,0.4583482064959866,0.5285806929775801,0.1885896950334147,22,11,286,760,869,0.030583873957367932
0.6599999999999997,0.12903225806451613,0.6666666666666666,0.07142857142857142,0.4583482064959866,0.5285806929775801,0.1885896950334147,22,11,286,760,869,0.030583873957367932
0.6649999999999997,0.12389380530973451,0.6774193548387096,0.06818181818181818,0.4583482064959866,0.5276058247848131,0.1885896950334147,21,10,287,761,871,0.028730305838739572
0.6699999999999997,0.12389380530973451,0.6774193548387096,0.06818181818181818,0.4583482064959866,0.5276058247848131,0.1885896950334147,21,10,287,761,871,0.028730305838739572
0.6749999999999997,0.12389380530973451,0.6774193548387096,0.06818181818181818,0.4583482064959866,0.5276058247848131,0.1885896950334147,21,10,287,761,871,0.028730305838739572
0.6799999999999997,0.11834319526627218,0.6666666666666666,0.06493506493506493,0.4583482064959866,0.5259824481614365,0.1885896950334147,20,10,288,761,874,0.027803521779425393
0.6849999999999997,0.10714285714285714,0.6428571428571429,0.05844155844155844,0.4583482064959866,0.5227356949146833,0.1885896950334147,18,10,290,761,880,0.025949953660797033
0.6899999999999997,0.10149253731343283,0.6296296296296297,0.05519480519480519,0.4583482064959866,0.5211123182913067,0.1885896950334147,17,10,291,761,883,0.025023169601482854
0.6949999999999997,0.10149253731343283,0.6296296296296297,0.05519480519480519,0.4583482064959866,0.5211123182913067,0.1885896950334147,17,10,291,761,883,0.025023169601482854
0.6999999999999997,0.10149253731343283,0.6296296296296297,0.05519480519480519,0.4583482064959866,0.5211123182913067,0.1885896950334147,17,10,291,761,883,0.025023169601482854
0.7049999999999997,0.10149253731343283,0.6296296296296297,0.05519480519480519,0.4583482064959866,0.5211123182913067,0.1885896950334147,17,10,291,761,883,0.025023169601482854
0.7099999999999997,0.0963855421686747,0.6666666666666666,0.05194805194805195,0.4583482064959866,0.5207859585291492,0.1885896950334147,16,8,292,763,884,0.022242817423540315
0.7149999999999997,0.09063444108761329,0.6521739130434783,0.048701298701298704,0.4583482064959866,0.5191625819057726,0.1885896950334147,15,8,293,763,887,0.021316033364226137
0.7199999999999998,0.09090909090909091,0.6818181818181818,0.048701298701298704,0.4583482064959866,0.5198110903363822,0.1885896950334147,15,7,293,764,886,0.020389249304911955
0.7249999999999998,0.07951070336391437,0.6842105263157895,0.04220779220779221,0.4583482064959866,0.5172128455202385,0.1885896950334147,13,6,295,765,891,0.017608897126969416
0.7299999999999998,0.07384615384615385,0.7058823529411765,0.03896103896103896,0.4583482064959866,0.5162379773274715,0.1885896950334147,12,5,296,766,893,0.015755329008341055
0.7349999999999997,0.07407407407407407,0.75,0.03896103896103896,0.4583482064959866,0.516886485758081,0.1885896950334147,12,4,296,767,892,0.014828544949026877
0.7399999999999997,0.06832298136645963,0.7857142857142857,0.03571428571428571,0.4583482064959866,0.5159116175653141,0.1885896950334147,11,3,297,768,894,0.012974976830398516
0.7449999999999997,0.06832298136645963,0.7857142857142857,0.03571428571428571,0.4583482064959866,0.5159116175653141,0.1885896950334147,11,3,297,768,894,0.012974976830398516
0.7499999999999997,0.06832298136645963,0.7857142857142857,0.03571428571428571,0.4583482064959866,0.5159116175653141,0.1885896950334147,11,3,297,768,894,0.012974976830398516
0.7549999999999997,0.06832298136645963,0.7857142857142857,0.03571428571428571,0.4583482064959866,0.5159116175653141,0.1885896950334147,11,3,297,768,894,0.012974976830398516
0.7599999999999997,0.06832298136645963,0.7857142857142857,0.03571428571428571,0.4583482064959866,0.5159116175653141,0.1885896950334147,11,3,297,768,894,0.012974976830398516
0.7649999999999997,0.06853582554517133,0.8461538461538461,0.03571428571428571,0.4583482064959866,0.5165601259959237,0.1885896950334147,11,2,297,769,893,0.012048192771084338
0.7699999999999997,0.05642633228840126,0.8181818181818182,0.02922077922077922,0.4583482064959866,0.5133133727491704,0.1885896950334147,9,2,299,769,899,0.010194624652455977
0.7749999999999997,0.05642633228840126,0.8181818181818182,0.02922077922077922,0.4583482064959866,0.5133133727491704,0.1885896950334147,9,2,299,769,899,0.010194624652455977
0.7799999999999997,0.05660377358490566,0.9,0.02922077922077922,0.4583482064959866,0.51396188117978,0.1885896950334147,9,1,299,770,898,0.009267840593141797
0.7849999999999997,0.050473186119873815,0.8888888888888888,0.025974025974025976,0.4583482064959866,0.5123385045564034,0.1885896950334147,8,1,300,770,901,0.008341056533827619
0.7899999999999997,0.0380952380952381,0.8571428571428571,0.01948051948051948,0.4583482064959866,0.5090917513096501,0.1885896950334147,6,1,302,770,907,0.006487488415199258
0.7949999999999997,0.0380952380952381,0.8571428571428571,0.01948051948051948,0.4583482064959866,0.5090917513096501,0.1885896950334147,6,1,302,770,907,0.006487488415199258
0.7999999999999997,0.03821656050955414,1.0,0.01948051948051948,0.4583482064959866,0.5097402597402597,0.1885896950334147,6,0,302,771,906,0.005560704355885079
0.8049999999999997,0.02564102564102564,1.0,0.012987012987012988,0.4583482064959866,0.5064935064935064,0.1885896950334147,4,0,304,771,912,0.0037071362372567192
0.8099999999999996,0.02564102564102564,1.0,0.012987012987012988,0.4583482064959866,0.5064935064935064,0.1885896950334147,4,0,304,771,912,0.0037071362372567192
0.8149999999999996,0.01929260450160772,1.0,0.00974025974025974,0.4583482064959866,0.5048701298701299,0.1885896950334147,3,0,305,771,915,0.0027803521779425394
0.8199999999999996,0.006472491909385114,1.0,0.003246753246753247,0.4583482064959866,0.5016233766233766,0.1885896950334147,1,0,307,771,921,0.0009267840593141798
0.8249999999999996,0.006472491909385114,1.0,0.003246753246753247,0.4583482064959866,0.5016233766233766,0.1885896950334147,1,0,307,771,921,0.0009267840593141798
0.8299999999999996,0.006472491909385114,1.0,0.003246753246753247,0.4583482064959866,0.5016233766233766,0.1885896950334147,1,0,307,771,921,0.0009267840593141798
0.8349999999999996,0.006472491909385114,1.0,0.003246753246753247,0.4583482064959866,0.5016233766233766,0.1885896950334147,1,0,307,771,921,0.0009267840593141798
0.8399999999999996,0.0,0.0,0.0,0.4583482064959866,0.5,0.1885896950334147,0,0,308,771,924,0.0
0.8449999999999996,0.0,0.0,0.0,0.4583482064959866,0.5,0.1885896950334147,0,0,308,771,924,0.0
0.8499999999999996,0.0,0.0,0.0,0.4583482064959866,0.5,0.1885896950334147,0,0,308,771,924,0.0
0.8549999999999996,0.0,0.0,0.0,0.4583482064959866,0.5,0.1885896950334147,0,0,308,771,924,0.0
0.8599999999999997,0.0,0.0,0.0,0.4583482064959866,0.5,0.1885896950334147,0,0,308,771,924,0.0
0.8649999999999997,0.0,0.0,0.0,0.4583482064959866,0.5,0.1885896950334147,0,0,308,771,924,0.0
0.8699999999999997,0.0,0.0,0.0,0.4583482064959866,0.5,0.1885896950334147,0,0,308,771,924,0.0
0.8749999999999997,0.0,0.0,0.0,0.4583482064959866,0.5,0.1885896950334147,0,0,308,771,924,0.0
0.8799999999999997,0.0,0.0,0.0,0.4583482064959866,0.5,0.1885896950334147,0,0,308,771,924,0.0
0.8849999999999997,0.0,0.0,0.0,0.4583482064959866,0.5,0.1885896950334147,0,0,308,771,924,0.0
0.8899999999999997,0.0,0.0,0.0,0.4583482064959866,0.5,0.1885896950334147,0,0,308,771,924,0.0
0.8949999999999996,0.0,0.0,0.0,0.4583482064959866,0.5,0.1885896950334147,0,0,308,771,924,0.0
0.8999999999999996,0.0,0.0,0.0,0.4583482064959866,0.5,0.1885896950334147,0,0,308,771,924,0.0
0.9049999999999996,0.0,0.0,0.0,0.4583482064959866,0.5,0.1885896950334147,0,0,308,771,924,0.0
0.9099999999999996,0.0,0.0,0.0,0.4583482064959866,0.5,0.1885896950334147,0,0,308,771,924,0.0
0.9149999999999996,0.0,0.0,0.0,0.4583482064959866,0.5,0.1885896950334147,0,0,308,771,924,0.0
0.9199999999999996,0.0,0.0,0.0,0.4583482064959866,0.5,0.1885896950334147,0,0,308,771,924,0.0
0.9249999999999996,0.0,0.0,0.0,0.4583482064959866,0.5,0.1885896950334147,0,0,308,771,924,0.0
0.9299999999999996,0.0,0.0,0.0,0.4583482064959866,0.5,0.1885896950334147,0,0,308,771,924,0.0
0.9349999999999996,0.0,0.0,0.0,0.4583482064959866,0.5,0.1885896950334147,0,0,308,771,924,0.0
0.9399999999999996,0.0,0.0,0.0,0.4583482064959866,0.5,0.1885896950334147,0,0,308,771,924,0.0
0.9449999999999996,0.0,0.0,0.0,0.4583482064959866,0.5,0.1885896950334147,0,0,308,771,924,0.0
0.9499999999999996,0.0,0.0,0.0,0.4583482064959866,0.5,0.1885896950334147,0,0,308,771,924,0.0
