alarm_record_id,data_source,snapshot_time,severity,alarm_source_id,alarm_source_type,alarm_name,first_occurred_at,last_occurred_at,alarm_age_hours,occurrence_times,down_reason,port_oper_status,port_admin_status,clearance_status,acknowledgment_status,maintenance_status,candidate_risk_score,reason_group_candidate
alarm_00001,current_alarm_snapshot,2026-05-04 17:57:19,CRITICAL,asset_aa46ebdde4,AG,Physical Port Down,2015-12-19 01:40:10,2015-12-19 01:40:10,90952.29,1,SHUTDOWN,DOWN,DOWN,-,-,NORMAL,0.88,link_down
alarm_00002,current_alarm_snapshot,2026-05-04 17:57:19,CRITICAL,asset_02c4dea2ed,AG,Physical Port Down,2016-08-25 15:04:22,2016-08-25 15:04:22,84938.88,1,LOS,DOWN,UP,-,-,NORMAL,0.88,link_down
alarm_00003,current_alarm_snapshot,2026-05-04 17:57:19,CRITICAL,asset_aa46ebdde4,AG,Physical Port Down,2016-12-07 16:46:48,2016-12-07 16:46:48,82441.18,1,LOS,DOWN,UP,-,-,NORMAL,0.88,link_down
alarm_00004,current_alarm_snapshot,2026-05-04 17:57:19,CRITICAL,asset_d0aacbf21a,AG,Physical Port Down,2016-12-09 17:03:09,2016-12-09 17:03:09,82392.9,1,SHUTDOWN,DOWN,DOWN,-,-,NORMAL,0.88,link_down
alarm_00005,current_alarm_snapshot,2026-05-04 17:57:19,CRITICAL,asset_d0aacbf21a,AG,Physical Port Down,2016-12-10 12:59:13,2016-12-10 12:59:13,82372.97,1,SHUTDOWN,DOWN,DOWN,-,-,NORMAL,0.88,link_down
alarm_00006,current_alarm_snapshot,2026-05-04 17:57:19,CRITICAL,asset_685e16a0a6,AG,Physical Port Down,2017-04-01 00:27:15,2017-04-01 00:27:15,79697.5,1,LOS,DOWN,UP,-,-,NORMAL,0.88,link_down
alarm_00007,current_alarm_snapshot,2026-05-04 17:57:19,CRITICAL,asset_1fefd1e765,AG,Physical Port Down,2017-06-12 18:50:34,2017-06-12 18:50:34,77951.11,1,SHUTDOWN,DOWN,DOWN,-,-,NORMAL,0.88,link_down
alarm_00008,current_alarm_snapshot,2026-05-04 17:57:19,CRITICAL,asset_21a7eae782,CA,Physical Port Down,2017-08-29 08:40:40,2017-08-29 08:40:40,76089.28,1,SHUTDOWN,DOWN,DOWN,-,-,NORMAL,0.88,equipment_module
alarm_00009,current_alarm_snapshot,2026-05-04 17:57:19,CRITICAL,asset_685e16a0a6,AG,Physical Port Down,2017-09-26 23:51:49,2017-09-26 23:51:49,75402.09,1,LOS,DOWN,UP,-,-,NORMAL,0.88,link_down
alarm_00010,current_alarm_snapshot,2026-05-04 17:57:19,CRITICAL,asset_685e16a0a6,AG,Physical Port Down,2017-09-26 23:57:34,2017-09-26 23:57:34,75402.0,1,LOS,DOWN,UP,-,-,NORMAL,0.88,link_down
alarm_00011,current_alarm_snapshot,2026-05-04 17:57:19,CRITICAL,asset_8d2941bf77,AG,Physical Port Down,2017-09-27 00:03:33,2017-09-27 00:03:33,75401.9,1,LOS,DOWN,UP,-,-,NORMAL,0.88,link_down
alarm_00012,current_alarm_snapshot,2026-05-04 17:57:19,CRITICAL,asset_4226e99132,CA,Physical Port Down,2017-12-05 00:08:41,2017-12-05 00:08:41,73745.81,1,SHUTDOWN,DOWN,DOWN,-,-,NORMAL,0.88,equipment_module
alarm_00013,current_alarm_snapshot,2026-05-04 17:57:19,CRITICAL,asset_4226e99132,CA,Physical Port Down,2017-12-05 00:08:41,2017-12-05 00:08:41,73745.81,1,SHUTDOWN,DOWN,DOWN,-,-,NORMAL,0.88,equipment_module
alarm_00014,current_alarm_snapshot,2026-05-04 17:57:19,CRITICAL,asset_4226e99132,CA,Physical Port Down,2017-12-05 00:08:46,2017-12-05 00:08:46,73745.81,1,SHUTDOWN,DOWN,DOWN,-,-,NORMAL,0.88,equipment_module
alarm_00015,current_alarm_snapshot,2026-05-04 17:57:19,CRITICAL,asset_4226e99132,CA,Physical Port Down,2017-12-05 00:08:46,2017-12-05 00:08:46,73745.81,1,SHUTDOWN,DOWN,DOWN,-,-,NORMAL,0.88,equipment_module
alarm_00016,current_alarm_snapshot,2026-05-04 17:57:19,CRITICAL,asset_4226e99132,CA,Physical Port Down,2017-12-05 00:08:47,2017-12-05 00:08:47,73745.81,1,SHUTDOWN,DOWN,DOWN,-,-,NORMAL,0.88,equipment_module
alarm_00017,current_alarm_snapshot,2026-05-04 17:57:19,CRITICAL,asset_4226e99132,CA,Physical Port Down,2017-12-05 00:08:47,2017-12-05 00:08:47,73745.81,1,SHUTDOWN,DOWN,DOWN,-,-,NORMAL,0.88,equipment_module
alarm_00018,current_alarm_snapshot,2026-05-04 17:57:19,CRITICAL,asset_21a7eae782,CA,Physical Port Down,2017-12-05 00:18:41,2017-12-05 00:18:41,73745.64,1,LOS,DOWN,UP,-,-,NORMAL,0.88,equipment_module
alarm_00019,current_alarm_snapshot,2026-05-04 17:57:19,CRITICAL,asset_21a7eae782,CA,Physical Port Down,2017-12-05 00:18:41,2017-12-05 00:18:41,73745.64,1,LOS,DOWN,UP,-,-,NORMAL,0.88,equipment_module
alarm_00020,current_alarm_snapshot,2026-05-04 17:57:19,CRITICAL,asset_21a7eae782,CA,Physical Port Down,2017-12-05 01:42:33,2017-12-05 01:42:33,73744.25,1,SHUTDOWN,DOWN,DOWN,-,-,NORMAL,0.88,equipment_module
alarm_00021,current_alarm_snapshot,2026-05-04 17:57:19,CRITICAL,asset_21a7eae782,CA,Physical Port Down,2017-12-05 01:42:38,2017-12-05 01:42:38,73744.24,1,SHUTDOWN,DOWN,DOWN,-,-,NORMAL,0.88,equipment_module
alarm_00022,current_alarm_snapshot,2026-05-04 17:57:19,CRITICAL,asset_21a7eae782,CA,Physical Port Down,2017-12-05 01:42:39,2017-12-05 01:42:39,73744.24,1,SHUTDOWN,DOWN,DOWN,-,-,NORMAL,0.88,equipment_module
alarm_00023,current_alarm_snapshot,2026-05-04 17:57:19,CRITICAL,asset_83911d0217,AG,Physical Port Down,2017-12-11 18:35:38,2017-12-11 18:35:38,73583.36,1,NEGOTIATION_FAIL,DOWN,UP,-,-,NORMAL,0.88,link_down
alarm_00024,current_alarm_snapshot,2026-05-04 17:57:19,CRITICAL,asset_21a7eae782,CA,Physical Port Down,2017-12-15 00:24:08,2017-12-15 00:24:08,73505.55,1,LOS,DOWN,UP,-,-,NORMAL,0.88,equipment_module
alarm_00025,current_alarm_snapshot,2026-05-04 17:57:19,CRITICAL,asset_21a7eae782,CA,Physical Port Down,2017-12-15 00:24:08,2017-12-15 00:24:08,73505.55,1,LOS,DOWN,UP,-,-,NORMAL,0.88,equipment_module
alarm_00026,current_alarm_snapshot,2026-05-04 17:57:19,CRITICAL,asset_21a7eae782,CA,Physical Port Down,2017-12-15 00:24:08,2017-12-15 00:24:08,73505.55,1,LOS,DOWN,UP,-,-,NORMAL,0.88,equipment_module
alarm_00027,current_alarm_snapshot,2026-05-04 17:57:19,CRITICAL,asset_21a7eae782,CA,Physical Port Down,2017-12-15 00:24:08,2017-12-15 00:24:08,73505.55,1,LOS,DOWN,UP,-,-,NORMAL,0.88,equipment_module
alarm_00028,current_alarm_snapshot,2026-05-04 17:57:19,CRITICAL,asset_21a7eae782,CA,Physical Port Down,2017-12-15 00:24:08,2017-12-15 00:24:08,73505.55,1,LOS,DOWN,UP,-,-,NORMAL,0.88,equipment_module
alarm_00029,current_alarm_snapshot,2026-05-04 17:57:19,CRITICAL,asset_4226e99132,CA,Physical Port Down,2017-12-15 00:24:09,2017-12-15 00:24:09,73505.55,1,LOS,DOWN,UP,-,-,NORMAL,0.88,equipment_module
alarm_00030,current_alarm_snapshot,2026-05-04 17:57:19,CRITICAL,asset_4226e99132,CA,Physical Port Down,2017-12-15 00:24:09,2017-12-15 00:24:09,73505.55,1,LOS,DOWN,UP,-,-,NORMAL,0.88,equipment_module
alarm_00031,current_alarm_snapshot,2026-05-04 17:57:19,CRITICAL,asset_4226e99132,CA,Physical Port Down,2017-12-15 00:24:09,2017-12-15 00:24:09,73505.55,1,LOS,DOWN,UP,-,-,NORMAL,0.88,equipment_module
alarm_00032,current_alarm_snapshot,2026-05-04 17:57:19,CRITICAL,asset_4226e99132,CA,Physical Port Down,2017-12-15 00:24:09,2017-12-15 00:24:09,73505.55,1,LOS,DOWN,UP,-,-,NORMAL,0.88,equipment_module
alarm_00033,current_alarm_snapshot,2026-05-04 17:57:19,CRITICAL,asset_4226e99132,CA,Physical Port Down,2017-12-15 00:24:09,2017-12-15 00:24:09,73505.55,1,LOS,DOWN,UP,-,-,NORMAL,0.88,equipment_module
alarm_00034,current_alarm_snapshot,2026-05-04 17:57:19,CRITICAL,asset_4226e99132,CA,Physical Port Down,2017-12-15 00:24:09,2017-12-15 00:24:09,73505.55,1,LOS,DOWN,UP,-,-,NORMAL,0.88,equipment_module
alarm_00035,current_alarm_snapshot,2026-05-04 17:57:19,CRITICAL,asset_4226e99132,CA,Physical Port Down,2017-12-15 00:24:09,2017-12-15 00:24:09,73505.55,1,LOS,DOWN,UP,-,-,NORMAL,0.88,equipment_module
alarm_00036,current_alarm_snapshot,2026-05-04 17:57:19,CRITICAL,asset_4226e99132,CA,Physical Port Down,2017-12-15 00:24:09,2017-12-15 00:24:09,73505.55,1,LOS,DOWN,UP,-,-,NORMAL,0.88,equipment_module
alarm_00037,current_alarm_snapshot,2026-05-04 17:57:19,CRITICAL,asset_4226e99132,CA,Physical Port Down,2017-12-15 00:24:09,2017-12-15 00:24:09,73505.55,1,LOS,DOWN,UP,-,-,NORMAL,0.88,equipment_module
alarm_00038,current_alarm_snapshot,2026-05-04 17:57:19,CRITICAL,asset_4226e99132,CA,Physical Port Down,2017-12-15 00:24:09,2017-12-15 00:24:09,73505.55,1,LOS,DOWN,UP,-,-,NORMAL,0.88,equipment_module
alarm_00039,current_alarm_snapshot,2026-05-04 17:57:19,CRITICAL,asset_4226e99132,CA,Physical Port Down,2017-12-15 00:24:09,2017-12-15 00:24:09,73505.55,1,LOS,DOWN,UP,-,-,NORMAL,0.88,equipment_module
alarm_00040,current_alarm_snapshot,2026-05-04 17:57:19,CRITICAL,asset_4226e99132,CA,Physical Port Down,2017-12-15 00:24:09,2017-12-15 00:24:09,73505.55,1,LOS,DOWN,UP,-,-,NORMAL,0.88,equipment_module
alarm_00041,current_alarm_snapshot,2026-05-04 17:57:19,CRITICAL,asset_4226e99132,CA,Physical Port Down,2017-12-15 00:24:09,2017-12-15 00:24:09,73505.55,1,LOS,DOWN,UP,-,-,NORMAL,0.88,equipment_module
alarm_00042,current_alarm_snapshot,2026-05-04 17:57:19,CRITICAL,asset_4226e99132,CA,Physical Port Down,2017-12-15 00:24:09,2017-12-15 00:24:09,73505.55,1,LOS,DOWN,UP,-,-,NORMAL,0.88,equipment_module
alarm_00043,current_alarm_snapshot,2026-05-04 17:57:19,CRITICAL,asset_4226e99132,CA,Physical Port Down,2017-12-15 00:24:09,2017-12-15 00:24:09,73505.55,1,LOS,DOWN,UP,-,-,NORMAL,0.88,equipment_module
alarm_00044,current_alarm_snapshot,2026-05-04 17:57:19,CRITICAL,asset_4226e99132,CA,Physical Port Down,2017-12-15 00:24:09,2017-12-15 00:24:09,73505.55,1,LOS,DOWN,UP,-,-,NORMAL,0.88,equipment_module
alarm_00045,current_alarm_snapshot,2026-05-04 17:57:19,CRITICAL,asset_4226e99132,CA,Physical Port Down,2017-12-15 00:24:09,2017-12-15 00:24:09,73505.55,1,LOS,DOWN,UP,-,-,NORMAL,0.88,equipment_module
alarm_00046,current_alarm_snapshot,2026-05-04 17:57:19,CRITICAL,asset_21a7eae782,CA,Physical Port Down,2017-12-15 00:24:09,2017-12-15 00:24:09,73505.55,1,LOS,DOWN,UP,-,-,NORMAL,0.88,equipment_module
alarm_00047,current_alarm_snapshot,2026-05-04 17:57:19,CRITICAL,asset_21a7eae782,CA,Physical Port Down,2017-12-15 00:24:09,2017-12-15 00:24:09,73505.55,1,LOS,DOWN,UP,-,-,NORMAL,0.88,equipment_module
alarm_00048,current_alarm_snapshot,2026-05-04 17:57:19,CRITICAL,asset_21a7eae782,CA,Physical Port Down,2017-12-15 00:24:09,2017-12-15 00:24:09,73505.55,1,LOS,DOWN,UP,-,-,NORMAL,0.88,equipment_module
alarm_00049,current_alarm_snapshot,2026-05-04 17:57:19,CRITICAL,asset_21a7eae782,CA,Physical Port Down,2017-12-15 00:24:09,2017-12-15 00:24:09,73505.55,1,LOS,DOWN,UP,-,-,NORMAL,0.88,equipment_module
alarm_00050,current_alarm_snapshot,2026-05-04 17:57:19,CRITICAL,asset_21a7eae782,CA,Physical Port Down,2017-12-15 00:24:09,2017-12-15 00:24:09,73505.55,1,LOS,DOWN,UP,-,-,NORMAL,0.88,equipment_module
alarm_00051,current_alarm_snapshot,2026-05-04 17:57:19,CRITICAL,asset_21a7eae782,CA,Physical Port Down,2017-12-15 00:24:09,2017-12-15 00:24:09,73505.55,1,LOS,DOWN,UP,-,-,NORMAL,0.88,equipment_module
alarm_00052,current_alarm_snapshot,2026-05-04 17:57:19,CRITICAL,asset_21a7eae782,CA,Physical Port Down,2017-12-15 00:24:09,2017-12-15 00:24:09,73505.55,1,LOS,DOWN,UP,-,-,NORMAL,0.88,equipment_module
alarm_00053,current_alarm_snapshot,2026-05-04 17:57:19,CRITICAL,asset_21a7eae782,CA,Physical Port Down,2017-12-15 00:24:09,2017-12-15 00:24:09,73505.55,1,LOS,DOWN,UP,-,-,NORMAL,0.88,equipment_module
alarm_00054,current_alarm_snapshot,2026-05-04 17:57:19,CRITICAL,asset_21a7eae782,CA,Physical Port Down,2017-12-15 00:24:09,2017-12-15 00:24:09,73505.55,1,LOS,DOWN,UP,-,-,NORMAL,0.88,equipment_module
alarm_00055,current_alarm_snapshot,2026-05-04 17:57:19,CRITICAL,asset_21a7eae782,CA,Physical Port Down,2017-12-15 00:24:09,2017-12-15 00:24:09,73505.55,1,LOS,DOWN,UP,-,-,NORMAL,0.88,equipment_module
alarm_00056,current_alarm_snapshot,2026-05-04 17:57:19,CRITICAL,asset_21a7eae782,CA,Physical Port Down,2017-12-15 00:24:09,2017-12-15 00:24:09,73505.55,1,LOS,DOWN,UP,-,-,NORMAL,0.88,equipment_module
alarm_00057,current_alarm_snapshot,2026-05-04 17:57:19,CRITICAL,asset_4226e99132,CA,Physical Port Down,2017-12-15 00:24:10,2017-12-15 00:24:10,73505.55,1,LOS,DOWN,UP,-,-,NORMAL,0.88,equipment_module
alarm_00058,current_alarm_snapshot,2026-05-04 17:57:19,CRITICAL,asset_4226e99132,CA,Physical Port Down,2017-12-15 00:45:23,2017-12-15 00:45:23,73505.2,1,SHUTDOWN,DOWN,DOWN,-,-,NORMAL,0.88,equipment_module
alarm_00059,current_alarm_snapshot,2026-05-04 17:57:19,CRITICAL,asset_4226e99132,CA,Physical Port Down,2017-12-15 00:45:24,2017-12-15 00:45:24,73505.2,1,SHUTDOWN,DOWN,DOWN,-,-,NORMAL,0.88,equipment_module
alarm_00060,current_alarm_snapshot,2026-05-04 17:57:19,CRITICAL,asset_4226e99132,CA,Physical Port Down,2017-12-15 00:45:25,2017-12-15 00:45:25,73505.2,1,SHUTDOWN,DOWN,DOWN,-,-,NORMAL,0.88,equipment_module
alarm_00061,current_alarm_snapshot,2026-05-04 17:57:19,CRITICAL,asset_4226e99132,CA,Physical Port Down,2017-12-15 00:45:26,2017-12-15 00:45:26,73505.2,1,SHUTDOWN,DOWN,DOWN,-,-,NORMAL,0.88,equipment_module
alarm_00062,current_alarm_snapshot,2026-05-04 17:57:19,CRITICAL,asset_4226e99132,CA,Physical Port Down,2017-12-15 00:45:27,2017-12-15 00:45:27,73505.2,1,SHUTDOWN,DOWN,DOWN,-,-,NORMAL,0.88,equipment_module
alarm_00063,current_alarm_snapshot,2026-05-04 17:57:19,CRITICAL,asset_4226e99132,CA,Physical Port Down,2017-12-15 00:45:28,2017-12-15 00:45:28,73505.2,1,SHUTDOWN,DOWN,DOWN,-,-,NORMAL,0.88,equipment_module
alarm_00064,current_alarm_snapshot,2026-05-04 17:57:19,CRITICAL,asset_4226e99132,CA,Physical Port Down,2017-12-15 00:45:29,2017-12-15 00:45:29,73505.2,1,SHUTDOWN,DOWN,DOWN,-,-,NORMAL,0.88,equipment_module
alarm_00065,current_alarm_snapshot,2026-05-04 17:57:19,CRITICAL,asset_4226e99132,CA,Physical Port Down,2017-12-15 00:45:30,2017-12-15 00:45:30,73505.2,1,SHUTDOWN,DOWN,DOWN,-,-,NORMAL,0.88,equipment_module
alarm_00066,current_alarm_snapshot,2026-05-04 17:57:19,CRITICAL,asset_4226e99132,CA,Physical Port Down,2017-12-15 00:45:31,2017-12-15 00:45:31,73505.2,1,SHUTDOWN,DOWN,DOWN,-,-,NORMAL,0.88,equipment_module
alarm_00067,current_alarm_snapshot,2026-05-04 17:57:19,CRITICAL,asset_4226e99132,CA,Physical Port Down,2017-12-15 00:45:32,2017-12-15 00:45:32,73505.2,1,SHUTDOWN,DOWN,DOWN,-,-,NORMAL,0.88,equipment_module
alarm_00068,current_alarm_snapshot,2026-05-04 17:57:19,CRITICAL,asset_4226e99132,CA,Physical Port Down,2017-12-15 00:45:33,2017-12-15 00:45:33,73505.2,1,SHUTDOWN,DOWN,DOWN,-,-,NORMAL,0.88,equipment_module
alarm_00069,current_alarm_snapshot,2026-05-04 17:57:19,CRITICAL,asset_4226e99132,CA,Physical Port Down,2017-12-15 00:45:34,2017-12-15 00:45:34,73505.2,1,SHUTDOWN,DOWN,DOWN,-,-,NORMAL,0.88,equipment_module
alarm_00070,current_alarm_snapshot,2026-05-04 17:57:19,CRITICAL,asset_4226e99132,CA,Physical Port Down,2017-12-15 00:45:36,2017-12-15 00:45:36,73505.2,1,SHUTDOWN,DOWN,DOWN,-,-,NORMAL,0.88,equipment_module
alarm_00071,current_alarm_snapshot,2026-05-04 17:57:19,CRITICAL,asset_4226e99132,CA,Physical Port Down,2017-12-15 00:45:37,2017-12-15 00:45:37,73505.2,1,SHUTDOWN,DOWN,DOWN,-,-,NORMAL,0.88,equipment_module
alarm_00072,current_alarm_snapshot,2026-05-04 17:57:19,CRITICAL,asset_4226e99132,CA,Physical Port Down,2017-12-15 00:45:38,2017-12-15 00:45:38,73505.19,1,SHUTDOWN,DOWN,DOWN,-,-,NORMAL,0.88,equipment_module
alarm_00073,current_alarm_snapshot,2026-05-04 17:57:19,CRITICAL,asset_4226e99132,CA,Physical Port Down,2017-12-15 00:45:39,2017-12-15 00:45:39,73505.19,1,SHUTDOWN,DOWN,DOWN,-,-,NORMAL,0.88,equipment_module
alarm_00074,current_alarm_snapshot,2026-05-04 17:57:19,CRITICAL,asset_4226e99132,CA,Physical Port Down,2017-12-15 00:45:40,2017-12-15 00:45:40,73505.19,1,SHUTDOWN,DOWN,DOWN,-,-,NORMAL,0.88,equipment_module
alarm_00075,current_alarm_snapshot,2026-05-04 17:57:19,CRITICAL,asset_21a7eae782,CA,Physical Port Down,2017-12-15 02:22:10,2017-12-15 02:22:10,73503.59,1,SHUTDOWN,DOWN,DOWN,-,-,NORMAL,0.88,equipment_module
alarm_00076,current_alarm_snapshot,2026-05-04 17:57:19,CRITICAL,asset_21a7eae782,CA,Physical Port Down,2017-12-15 02:22:11,2017-12-15 02:22:11,73503.59,1,SHUTDOWN,DOWN,DOWN,-,-,NORMAL,0.88,equipment_module
alarm_00077,current_alarm_snapshot,2026-05-04 17:57:19,CRITICAL,asset_21a7eae782,CA,Physical Port Down,2017-12-15 02:22:12,2017-12-15 02:22:12,73503.59,1,SHUTDOWN,DOWN,DOWN,-,-,NORMAL,0.88,equipment_module
alarm_00078,current_alarm_snapshot,2026-05-04 17:57:19,CRITICAL,asset_21a7eae782,CA,Physical Port Down,2017-12-15 02:22:13,2017-12-15 02:22:13,73503.59,1,SHUTDOWN,DOWN,DOWN,-,-,NORMAL,0.88,equipment_module
alarm_00079,current_alarm_snapshot,2026-05-04 17:57:19,CRITICAL,asset_21a7eae782,CA,Physical Port Down,2017-12-15 02:22:14,2017-12-15 02:22:14,73503.58,1,SHUTDOWN,DOWN,DOWN,-,-,NORMAL,0.88,equipment_module
alarm_00080,current_alarm_snapshot,2026-05-04 17:57:19,CRITICAL,asset_21a7eae782,CA,Physical Port Down,2017-12-15 02:22:15,2017-12-15 02:22:15,73503.58,1,SHUTDOWN,DOWN,DOWN,-,-,NORMAL,0.88,equipment_module
alarm_00081,current_alarm_snapshot,2026-05-04 17:57:19,CRITICAL,asset_21a7eae782,CA,Physical Port Down,2017-12-15 02:22:16,2017-12-15 02:22:16,73503.58,1,SHUTDOWN,DOWN,DOWN,-,-,NORMAL,0.88,equipment_module
alarm_00082,current_alarm_snapshot,2026-05-04 17:57:19,CRITICAL,asset_21a7eae782,CA,Physical Port Down,2017-12-15 02:22:17,2017-12-15 02:22:17,73503.58,1,SHUTDOWN,DOWN,DOWN,-,-,NORMAL,0.88,equipment_module
alarm_00083,current_alarm_snapshot,2026-05-04 17:57:19,CRITICAL,asset_21a7eae782,CA,Physical Port Down,2017-12-15 02:22:18,2017-12-15 02:22:18,73503.58,1,SHUTDOWN,DOWN,DOWN,-,-,NORMAL,0.88,equipment_module
alarm_00084,current_alarm_snapshot,2026-05-04 17:57:19,CRITICAL,asset_21a7eae782,CA,Physical Port Down,2017-12-15 02:22:19,2017-12-15 02:22:19,73503.58,1,SHUTDOWN,DOWN,DOWN,-,-,NORMAL,0.88,equipment_module
alarm_00085,current_alarm_snapshot,2026-05-04 17:57:19,CRITICAL,asset_21a7eae782,CA,Physical Port Down,2017-12-15 02:22:20,2017-12-15 02:22:20,73503.58,1,SHUTDOWN,DOWN,DOWN,-,-,NORMAL,0.88,equipment_module
alarm_00086,current_alarm_snapshot,2026-05-04 17:57:19,CRITICAL,asset_21a7eae782,CA,Physical Port Down,2017-12-15 02:22:21,2017-12-15 02:22:21,73503.58,1,SHUTDOWN,DOWN,DOWN,-,-,NORMAL,0.88,equipment_module
alarm_00087,current_alarm_snapshot,2026-05-04 17:57:19,CRITICAL,asset_21a7eae782,CA,Physical Port Down,2017-12-15 02:22:22,2017-12-15 02:22:22,73503.58,1,SHUTDOWN,DOWN,DOWN,-,-,NORMAL,0.88,equipment_module
alarm_00088,current_alarm_snapshot,2026-05-04 17:57:19,CRITICAL,asset_21a7eae782,CA,Physical Port Down,2017-12-15 02:22:23,2017-12-15 02:22:23,73503.58,1,SHUTDOWN,DOWN,DOWN,-,-,NORMAL,0.88,equipment_module
alarm_00089,current_alarm_snapshot,2026-05-04 17:57:19,CRITICAL,asset_21a7eae782,CA,Physical Port Down,2017-12-15 02:22:24,2017-12-15 02:22:24,73503.58,1,SHUTDOWN,DOWN,DOWN,-,-,NORMAL,0.88,equipment_module
alarm_00090,current_alarm_snapshot,2026-05-04 17:57:19,CRITICAL,asset_21a7eae782,CA,Physical Port Down,2017-12-15 02:22:25,2017-12-15 02:22:25,73503.58,1,SHUTDOWN,DOWN,DOWN,-,-,NORMAL,0.88,equipment_module
alarm_00091,current_alarm_snapshot,2026-05-04 17:57:19,CRITICAL,asset_21a7eae782,CA,Physical Port Down,2017-12-15 02:22:26,2017-12-15 02:22:26,73503.58,1,SHUTDOWN,DOWN,DOWN,-,-,NORMAL,0.88,equipment_module
alarm_00092,current_alarm_snapshot,2026-05-04 17:57:19,CRITICAL,asset_5235efd7d0,CA,Physical Port Down,2017-12-15 04:27:09,2017-12-15 04:27:09,73501.5,1,"PCS_UNLOCK,NEGOTIATION_FAIL",DOWN,UP,-,-,NORMAL,0.88,link_down
alarm_00093,current_alarm_snapshot,2026-05-04 17:57:19,CRITICAL,asset_4226e99132,CA,Physical Port Down,2017-12-19 00:06:40,2017-12-19 00:06:40,73409.84,1,LOS,DOWN,UP,-,-,NORMAL,0.88,equipment_module
alarm_00094,current_alarm_snapshot,2026-05-04 17:57:19,CRITICAL,asset_4226e99132,CA,Physical Port Down,2017-12-19 00:06:40,2017-12-19 00:06:40,73409.84,1,LOS,DOWN,UP,-,-,NORMAL,0.88,equipment_module
alarm_00095,current_alarm_snapshot,2026-05-04 17:57:19,CRITICAL,asset_4226e99132,CA,Physical Port Down,2017-12-19 00:06:40,2017-12-19 00:06:40,73409.84,1,LOS,DOWN,UP,-,-,NORMAL,0.88,equipment_module
alarm_00096,current_alarm_snapshot,2026-05-04 17:57:19,CRITICAL,asset_4226e99132,CA,Physical Port Down,2017-12-19 00:06:40,2017-12-19 00:06:40,73409.84,1,LOS,DOWN,UP,-,-,NORMAL,0.88,equipment_module
alarm_00097,current_alarm_snapshot,2026-05-04 17:57:19,CRITICAL,asset_4226e99132,CA,Physical Port Down,2017-12-19 00:06:40,2017-12-19 00:06:40,73409.84,1,LOS,DOWN,UP,-,-,NORMAL,0.88,equipment_module
alarm_00098,current_alarm_snapshot,2026-05-04 17:57:19,CRITICAL,asset_4226e99132,CA,Physical Port Down,2017-12-19 00:06:40,2017-12-19 00:06:40,73409.84,1,LOS,DOWN,UP,-,-,NORMAL,0.88,equipment_module
alarm_00099,current_alarm_snapshot,2026-05-04 17:57:19,CRITICAL,asset_4226e99132,CA,Physical Port Down,2017-12-19 00:06:40,2017-12-19 00:06:40,73409.84,1,LOS,DOWN,UP,-,-,NORMAL,0.88,equipment_module
alarm_00100,current_alarm_snapshot,2026-05-04 17:57:19,CRITICAL,asset_4226e99132,CA,Physical Port Down,2017-12-19 00:06:40,2017-12-19 00:06:40,73409.84,1,LOS,DOWN,UP,-,-,NORMAL,0.88,equipment_module
alarm_00101,current_alarm_snapshot,2026-05-04 17:57:19,CRITICAL,asset_4226e99132,CA,Physical Port Down,2017-12-19 00:06:40,2017-12-19 00:06:40,73409.84,1,LOS,DOWN,UP,-,-,NORMAL,0.88,equipment_module
alarm_00102,current_alarm_snapshot,2026-05-04 17:57:19,CRITICAL,asset_4226e99132,CA,Physical Port Down,2017-12-19 00:06:40,2017-12-19 00:06:40,73409.84,1,LOS,DOWN,UP,-,-,NORMAL,0.88,equipment_module
alarm_00103,current_alarm_snapshot,2026-05-04 17:57:19,CRITICAL,asset_4226e99132,CA,Physical Port Down,2017-12-19 00:06:40,2017-12-19 00:06:40,73409.84,1,LOS,DOWN,UP,-,-,NORMAL,0.88,equipment_module
alarm_00104,current_alarm_snapshot,2026-05-04 17:57:19,CRITICAL,asset_4226e99132,CA,Physical Port Down,2017-12-19 00:06:40,2017-12-19 00:06:40,73409.84,1,LOS,DOWN,UP,-,-,NORMAL,0.88,equipment_module
alarm_00105,current_alarm_snapshot,2026-05-04 17:57:19,CRITICAL,asset_4226e99132,CA,Physical Port Down,2017-12-19 00:06:40,2017-12-19 00:06:40,73409.84,1,LOS,DOWN,UP,-,-,NORMAL,0.88,equipment_module
alarm_00106,current_alarm_snapshot,2026-05-04 17:57:19,CRITICAL,asset_4226e99132,CA,Physical Port Down,2017-12-19 00:06:40,2017-12-19 00:06:40,73409.84,1,LOS,DOWN,UP,-,-,NORMAL,0.88,equipment_module
alarm_00107,current_alarm_snapshot,2026-05-04 17:57:19,CRITICAL,asset_4226e99132,CA,Physical Port Down,2017-12-19 00:06:40,2017-12-19 00:06:40,73409.84,1,LOS,DOWN,UP,-,-,NORMAL,0.88,equipment_module
alarm_00108,current_alarm_snapshot,2026-05-04 17:57:19,CRITICAL,asset_21a7eae782,CA,Physical Port Down,2017-12-19 00:06:40,2017-12-19 00:06:40,73409.84,1,LOS,DOWN,UP,-,-,NORMAL,0.88,equipment_module
alarm_00109,current_alarm_snapshot,2026-05-04 17:57:19,CRITICAL,asset_21a7eae782,CA,Physical Port Down,2017-12-19 00:06:40,2017-12-19 00:06:40,73409.84,1,LOS,DOWN,UP,-,-,NORMAL,0.88,equipment_module
alarm_00110,current_alarm_snapshot,2026-05-04 17:57:19,CRITICAL,asset_21a7eae782,CA,Physical Port Down,2017-12-19 00:06:40,2017-12-19 00:06:40,73409.84,1,LOS,DOWN,UP,-,-,NORMAL,0.88,equipment_module
alarm_00111,current_alarm_snapshot,2026-05-04 17:57:19,CRITICAL,asset_21a7eae782,CA,Physical Port Down,2017-12-19 00:06:40,2017-12-19 00:06:40,73409.84,1,LOS,DOWN,UP,-,-,NORMAL,0.88,equipment_module
alarm_00112,current_alarm_snapshot,2026-05-04 17:57:19,CRITICAL,asset_21a7eae782,CA,Physical Port Down,2017-12-19 00:06:40,2017-12-19 00:06:40,73409.84,1,LOS,DOWN,UP,-,-,NORMAL,0.88,equipment_module
alarm_00113,current_alarm_snapshot,2026-05-04 17:57:19,CRITICAL,asset_21a7eae782,CA,Physical Port Down,2017-12-19 00:06:40,2017-12-19 00:06:40,73409.84,1,LOS,DOWN,UP,-,-,NORMAL,0.88,equipment_module
alarm_00114,current_alarm_snapshot,2026-05-04 17:57:19,CRITICAL,asset_21a7eae782,CA,Physical Port Down,2017-12-19 00:06:40,2017-12-19 00:06:40,73409.84,1,LOS,DOWN,UP,-,-,NORMAL,0.88,equipment_module
alarm_00115,current_alarm_snapshot,2026-05-04 17:57:19,CRITICAL,asset_21a7eae782,CA,Physical Port Down,2017-12-19 00:06:40,2017-12-19 00:06:40,73409.84,1,LOS,DOWN,UP,-,-,NORMAL,0.88,equipment_module
alarm_00116,current_alarm_snapshot,2026-05-04 17:57:19,CRITICAL,asset_21a7eae782,CA,Physical Port Down,2017-12-19 00:06:40,2017-12-19 00:06:40,73409.84,1,LOS,DOWN,UP,-,-,NORMAL,0.88,equipment_module
alarm_00117,current_alarm_snapshot,2026-05-04 17:57:19,CRITICAL,asset_21a7eae782,CA,Physical Port Down,2017-12-19 00:06:40,2017-12-19 00:06:40,73409.84,1,LOS,DOWN,UP,-,-,NORMAL,0.88,equipment_module
alarm_00118,current_alarm_snapshot,2026-05-04 17:57:19,CRITICAL,asset_21a7eae782,CA,Physical Port Down,2017-12-19 00:06:40,2017-12-19 00:06:40,73409.84,1,LOS,DOWN,UP,-,-,NORMAL,0.88,equipment_module
alarm_00119,current_alarm_snapshot,2026-05-04 17:57:19,CRITICAL,asset_21a7eae782,CA,Physical Port Down,2017-12-19 00:06:40,2017-12-19 00:06:40,73409.84,1,LOS,DOWN,UP,-,-,NORMAL,0.88,equipment_module
alarm_00120,current_alarm_snapshot,2026-05-04 17:57:19,CRITICAL,asset_21a7eae782,CA,Physical Port Down,2017-12-19 00:06:40,2017-12-19 00:06:40,73409.84,1,LOS,DOWN,UP,-,-,NORMAL,0.88,equipment_module
alarm_00121,current_alarm_snapshot,2026-05-04 17:57:19,CRITICAL,asset_21a7eae782,CA,Physical Port Down,2017-12-19 00:06:40,2017-12-19 00:06:40,73409.84,1,LOS,DOWN,UP,-,-,NORMAL,0.88,equipment_module
alarm_00122,current_alarm_snapshot,2026-05-04 17:57:19,CRITICAL,asset_21a7eae782,CA,Physical Port Down,2017-12-19 00:06:40,2017-12-19 00:06:40,73409.84,1,LOS,DOWN,UP,-,-,NORMAL,0.88,equipment_module
alarm_00123,current_alarm_snapshot,2026-05-04 17:57:19,CRITICAL,asset_4226e99132,CA,Physical Port Down,2017-12-19 00:06:41,2017-12-19 00:06:41,73409.84,1,LOS,DOWN,UP,-,-,NORMAL,0.88,equipment_module
alarm_00124,current_alarm_snapshot,2026-05-04 17:57:19,CRITICAL,asset_4226e99132,CA,Physical Port Down,2017-12-19 00:08:09,2017-12-19 00:08:09,73409.82,1,SHUTDOWN,DOWN,DOWN,-,-,NORMAL,0.88,equipment_module
alarm_00125,current_alarm_snapshot,2026-05-04 17:57:19,CRITICAL,asset_4226e99132,CA,Physical Port Down,2017-12-19 00:08:10,2017-12-19 00:08:10,73409.82,1,SHUTDOWN,DOWN,DOWN,-,-,NORMAL,0.88,equipment_module
alarm_00126,current_alarm_snapshot,2026-05-04 17:57:19,CRITICAL,asset_4226e99132,CA,Physical Port Down,2017-12-19 00:08:11,2017-12-19 00:08:11,73409.82,1,SHUTDOWN,DOWN,DOWN,-,-,NORMAL,0.88,equipment_module
alarm_00127,current_alarm_snapshot,2026-05-04 17:57:19,CRITICAL,asset_4226e99132,CA,Physical Port Down,2017-12-19 00:08:13,2017-12-19 00:08:13,73409.82,1,SHUTDOWN,DOWN,DOWN,-,-,NORMAL,0.88,equipment_module
alarm_00128,current_alarm_snapshot,2026-05-04 17:57:19,CRITICAL,asset_4226e99132,CA,Physical Port Down,2017-12-19 00:08:14,2017-12-19 00:08:14,73409.82,1,SHUTDOWN,DOWN,DOWN,-,-,NORMAL,0.88,equipment_module
alarm_00129,current_alarm_snapshot,2026-05-04 17:57:19,CRITICAL,asset_4226e99132,CA,Physical Port Down,2017-12-19 00:08:16,2017-12-19 00:08:16,73409.82,1,SHUTDOWN,DOWN,DOWN,-,-,NORMAL,0.88,equipment_module
alarm_00130,current_alarm_snapshot,2026-05-04 17:57:19,CRITICAL,asset_4226e99132,CA,Physical Port Down,2017-12-19 00:08:17,2017-12-19 00:08:17,73409.82,1,SHUTDOWN,DOWN,DOWN,-,-,NORMAL,0.88,equipment_module
alarm_00131,current_alarm_snapshot,2026-05-04 17:57:19,CRITICAL,asset_4226e99132,CA,Physical Port Down,2017-12-19 00:08:18,2017-12-19 00:08:18,73409.82,1,SHUTDOWN,DOWN,DOWN,-,-,NORMAL,0.88,equipment_module
alarm_00132,current_alarm_snapshot,2026-05-04 17:57:19,CRITICAL,asset_4226e99132,CA,Physical Port Down,2017-12-19 00:08:19,2017-12-19 00:08:19,73409.82,1,SHUTDOWN,DOWN,DOWN,-,-,NORMAL,0.88,equipment_module
alarm_00133,current_alarm_snapshot,2026-05-04 17:57:19,CRITICAL,asset_4226e99132,CA,Physical Port Down,2017-12-19 00:08:21,2017-12-19 00:08:21,73409.82,1,SHUTDOWN,DOWN,DOWN,-,-,NORMAL,0.88,equipment_module
alarm_00134,current_alarm_snapshot,2026-05-04 17:57:19,CRITICAL,asset_4226e99132,CA,Physical Port Down,2017-12-19 00:08:22,2017-12-19 00:08:22,73409.82,1,SHUTDOWN,DOWN,DOWN,-,-,NORMAL,0.88,equipment_module
alarm_00135,current_alarm_snapshot,2026-05-04 17:57:19,CRITICAL,asset_4226e99132,CA,Physical Port Down,2017-12-19 00:08:23,2017-12-19 00:08:23,73409.82,1,SHUTDOWN,DOWN,DOWN,-,-,NORMAL,0.88,equipment_module
alarm_00136,current_alarm_snapshot,2026-05-04 17:57:19,CRITICAL,asset_4226e99132,CA,Physical Port Down,2017-12-19 00:08:25,2017-12-19 00:08:25,73409.82,1,SHUTDOWN,DOWN,DOWN,-,-,NORMAL,0.88,equipment_module
alarm_00137,current_alarm_snapshot,2026-05-04 17:57:19,CRITICAL,asset_4226e99132,CA,Physical Port Down,2017-12-19 00:08:26,2017-12-19 00:08:26,73409.81,1,SHUTDOWN,DOWN,DOWN,-,-,NORMAL,0.88,equipment_module
alarm_00138,current_alarm_snapshot,2026-05-04 17:57:19,CRITICAL,asset_4226e99132,CA,Physical Port Down,2017-12-19 00:08:27,2017-12-19 00:08:27,73409.81,1,SHUTDOWN,DOWN,DOWN,-,-,NORMAL,0.88,equipment_module
alarm_00139,current_alarm_snapshot,2026-05-04 17:57:19,CRITICAL,asset_21a7eae782,CA,Physical Port Down,2017-12-19 01:57:13,2017-12-19 01:57:13,73408.0,1,SHUTDOWN,DOWN,DOWN,-,-,NORMAL,0.88,equipment_module
alarm_00140,current_alarm_snapshot,2026-05-04 17:57:19,CRITICAL,asset_21a7eae782,CA,Physical Port Down,2017-12-19 01:57:14,2017-12-19 01:57:14,73408.0,1,SHUTDOWN,DOWN,DOWN,-,-,NORMAL,0.88,equipment_module
alarm_00141,current_alarm_snapshot,2026-05-04 17:57:19,CRITICAL,asset_21a7eae782,CA,Physical Port Down,2017-12-19 01:57:16,2017-12-19 01:57:16,73408.0,1,SHUTDOWN,DOWN,DOWN,-,-,NORMAL,0.88,equipment_module
alarm_00142,current_alarm_snapshot,2026-05-04 17:57:19,CRITICAL,asset_21a7eae782,CA,Physical Port Down,2017-12-19 01:57:17,2017-12-19 01:57:17,73408.0,1,SHUTDOWN,DOWN,DOWN,-,-,NORMAL,0.88,equipment_module
alarm_00143,current_alarm_snapshot,2026-05-04 17:57:19,CRITICAL,asset_21a7eae782,CA,Physical Port Down,2017-12-19 01:57:18,2017-12-19 01:57:18,73408.0,1,SHUTDOWN,DOWN,DOWN,-,-,NORMAL,0.88,equipment_module
alarm_00144,current_alarm_snapshot,2026-05-04 17:57:19,CRITICAL,asset_21a7eae782,CA,Physical Port Down,2017-12-19 01:57:19,2017-12-19 01:57:19,73408.0,1,SHUTDOWN,DOWN,DOWN,-,-,NORMAL,0.88,equipment_module
alarm_00145,current_alarm_snapshot,2026-05-04 17:57:19,CRITICAL,asset_21a7eae782,CA,Physical Port Down,2017-12-19 01:57:21,2017-12-19 01:57:21,73408.0,1,SHUTDOWN,DOWN,DOWN,-,-,NORMAL,0.88,equipment_module
alarm_00146,current_alarm_snapshot,2026-05-04 17:57:19,CRITICAL,asset_21a7eae782,CA,Physical Port Down,2017-12-19 01:57:22,2017-12-19 01:57:22,73408.0,1,SHUTDOWN,DOWN,DOWN,-,-,NORMAL,0.88,equipment_module
alarm_00147,current_alarm_snapshot,2026-05-04 17:57:19,CRITICAL,asset_21a7eae782,CA,Physical Port Down,2017-12-19 01:57:23,2017-12-19 01:57:23,73408.0,1,SHUTDOWN,DOWN,DOWN,-,-,NORMAL,0.88,equipment_module
alarm_00148,current_alarm_snapshot,2026-05-04 17:57:19,CRITICAL,asset_21a7eae782,CA,Physical Port Down,2017-12-19 01:57:24,2017-12-19 01:57:24,73408.0,1,SHUTDOWN,DOWN,DOWN,-,-,NORMAL,0.88,equipment_module
alarm_00149,current_alarm_snapshot,2026-05-04 17:57:19,CRITICAL,asset_21a7eae782,CA,Physical Port Down,2017-12-19 01:57:26,2017-12-19 01:57:26,73408.0,1,SHUTDOWN,DOWN,DOWN,-,-,NORMAL,0.88,equipment_module
alarm_00150,current_alarm_snapshot,2026-05-04 17:57:19,CRITICAL,asset_21a7eae782,CA,Physical Port Down,2017-12-19 01:57:27,2017-12-19 01:57:27,73408.0,1,SHUTDOWN,DOWN,DOWN,-,-,NORMAL,0.88,equipment_module
alarm_00151,current_alarm_snapshot,2026-05-04 17:57:19,CRITICAL,asset_21a7eae782,CA,Physical Port Down,2017-12-19 01:57:28,2017-12-19 01:57:28,73408.0,1,SHUTDOWN,DOWN,DOWN,-,-,NORMAL,0.88,equipment_module
alarm_00152,current_alarm_snapshot,2026-05-04 17:57:19,CRITICAL,asset_21a7eae782,CA,Physical Port Down,2017-12-19 01:57:30,2017-12-19 01:57:30,73408.0,1,SHUTDOWN,DOWN,DOWN,-,-,NORMAL,0.88,equipment_module
alarm_00153,current_alarm_snapshot,2026-05-04 17:57:19,CRITICAL,asset_21a7eae782,CA,Physical Port Down,2017-12-19 01:57:31,2017-12-19 01:57:31,73408.0,1,SHUTDOWN,DOWN,DOWN,-,-,NORMAL,0.88,equipment_module
alarm_00154,current_alarm_snapshot,2026-05-04 17:57:19,CRITICAL,asset_21a7eae782,CA,Physical Port Down,2017-12-19 01:57:32,2017-12-19 01:57:32,73408.0,1,SHUTDOWN,DOWN,DOWN,-,-,NORMAL,0.88,equipment_module
alarm_00155,current_alarm_snapshot,2026-05-04 17:57:19,CRITICAL,asset_ea13d97725,CA,Physical Port Down,2018-01-09 00:01:39,2018-01-09 00:01:39,72905.93,1,LOS,DOWN,UP,-,-,NORMAL,0.88,link_down
alarm_00156,current_alarm_snapshot,2026-05-04 17:57:19,CRITICAL,asset_ea13d97725,CA,Physical Port Down,2018-01-09 00:01:39,2018-01-09 00:01:39,72905.93,1,LOS,DOWN,UP,-,-,NORMAL,0.88,link_down
alarm_00157,current_alarm_snapshot,2026-05-04 17:57:19,CRITICAL,asset_ea13d97725,CA,Physical Port Down,2018-01-09 00:01:39,2018-01-09 00:01:39,72905.93,1,LOS,DOWN,UP,-,-,NORMAL,0.88,link_down
alarm_00158,current_alarm_snapshot,2026-05-04 17:57:19,CRITICAL,asset_ea13d97725,CA,Physical Port Down,2018-01-09 00:01:39,2018-01-09 00:01:39,72905.93,1,LOS,DOWN,UP,-,-,NORMAL,0.88,link_down
alarm_00159,current_alarm_snapshot,2026-05-04 17:57:19,CRITICAL,asset_ea13d97725,CA,Physical Port Down,2018-01-09 00:01:39,2018-01-09 00:01:39,72905.93,1,LOS,DOWN,UP,-,-,NORMAL,0.88,link_down
alarm_00160,current_alarm_snapshot,2026-05-04 17:57:19,CRITICAL,asset_5235efd7d0,CA,Physical Port Down,2018-01-09 00:01:39,2018-01-09 00:01:39,72905.93,1,LOS,DOWN,UP,-,-,NORMAL,0.88,link_down
alarm_00161,current_alarm_snapshot,2026-05-04 17:57:19,CRITICAL,asset_5235efd7d0,CA,Physical Port Down,2018-01-09 00:01:39,2018-01-09 00:01:39,72905.93,1,LOS,DOWN,UP,-,-,NORMAL,0.88,link_down
alarm_00162,current_alarm_snapshot,2026-05-04 17:57:19,CRITICAL,asset_5235efd7d0,CA,Physical Port Down,2018-01-09 00:01:39,2018-01-09 00:01:39,72905.93,1,LOS,DOWN,UP,-,-,NORMAL,0.88,link_down
alarm_00163,current_alarm_snapshot,2026-05-04 17:57:19,CRITICAL,asset_5235efd7d0,CA,Physical Port Down,2018-01-09 00:01:39,2018-01-09 00:01:39,72905.93,1,LOS,DOWN,UP,-,-,NORMAL,0.88,link_down
alarm_00164,current_alarm_snapshot,2026-05-04 17:57:19,CRITICAL,asset_5235efd7d0,CA,Physical Port Down,2018-01-09 00:01:39,2018-01-09 00:01:39,72905.93,1,LOS,DOWN,UP,-,-,NORMAL,0.88,link_down
alarm_00165,current_alarm_snapshot,2026-05-04 17:57:19,CRITICAL,asset_ea13d97725,CA,Physical Port Down,2018-01-09 00:01:40,2018-01-09 00:01:40,72905.93,1,LOS,DOWN,UP,-,-,NORMAL,0.88,link_down
alarm_00166,current_alarm_snapshot,2026-05-04 17:57:19,CRITICAL,asset_ea13d97725,CA,Physical Port Down,2018-01-09 00:01:40,2018-01-09 00:01:40,72905.93,1,LOS,DOWN,UP,-,-,NORMAL,0.88,link_down
alarm_00167,current_alarm_snapshot,2026-05-04 17:57:19,CRITICAL,asset_5235efd7d0,CA,Physical Port Down,2018-01-09 00:01:40,2018-01-09 00:01:40,72905.93,1,LOS,DOWN,UP,-,-,NORMAL,0.88,link_down
alarm_00168,current_alarm_snapshot,2026-05-04 17:57:19,CRITICAL,asset_5235efd7d0,CA,Physical Port Down,2018-01-09 00:01:40,2018-01-09 00:01:40,72905.93,1,LOS,DOWN,UP,-,-,NORMAL,0.88,link_down
alarm_00169,current_alarm_snapshot,2026-05-04 17:57:19,CRITICAL,asset_ea13d97725,CA,Physical Port Down,2018-01-09 00:28:27,2018-01-09 00:28:27,72905.48,1,SHUTDOWN,DOWN,DOWN,-,-,NORMAL,0.88,link_down
alarm_00170,current_alarm_snapshot,2026-05-04 17:57:19,CRITICAL,asset_ea13d97725,CA,Physical Port Down,2018-01-09 00:28:29,2018-01-09 00:28:29,72905.48,1,SHUTDOWN,DOWN,DOWN,-,-,NORMAL,0.88,link_down
alarm_00171,current_alarm_snapshot,2026-05-04 17:57:19,CRITICAL,asset_ea13d97725,CA,Physical Port Down,2018-01-09 00:28:30,2018-01-09 00:28:30,72905.48,1,SHUTDOWN,DOWN,DOWN,-,-,NORMAL,0.88,link_down
alarm_00172,current_alarm_snapshot,2026-05-04 17:57:19,CRITICAL,asset_ea13d97725,CA,Physical Port Down,2018-01-09 00:28:31,2018-01-09 00:28:31,72905.48,1,SHUTDOWN,DOWN,DOWN,-,-,NORMAL,0.88,link_down
alarm_00173,current_alarm_snapshot,2026-05-04 17:57:19,CRITICAL,asset_ea13d97725,CA,Physical Port Down,2018-01-09 00:28:33,2018-01-09 00:28:33,72905.48,1,SHUTDOWN,DOWN,DOWN,-,-,NORMAL,0.88,link_down
alarm_00174,current_alarm_snapshot,2026-05-04 17:57:19,CRITICAL,asset_ea13d97725,CA,Physical Port Down,2018-01-09 00:28:34,2018-01-09 00:28:34,72905.48,1,SHUTDOWN,DOWN,DOWN,-,-,NORMAL,0.88,link_down
alarm_00175,current_alarm_snapshot,2026-05-04 17:57:19,CRITICAL,asset_ea13d97725,CA,Physical Port Down,2018-01-09 00:28:35,2018-01-09 00:28:35,72905.48,1,SHUTDOWN,DOWN,DOWN,-,-,NORMAL,0.88,link_down
alarm_00176,current_alarm_snapshot,2026-05-04 17:57:19,CRITICAL,asset_5235efd7d0,CA,Physical Port Down,2018-01-09 02:03:57,2018-01-09 02:03:57,72903.89,1,SHUTDOWN,DOWN,DOWN,-,-,NORMAL,0.88,link_down
alarm_00177,current_alarm_snapshot,2026-05-04 17:57:19,CRITICAL,asset_5235efd7d0,CA,Physical Port Down,2018-01-09 02:03:58,2018-01-09 02:03:58,72903.89,1,SHUTDOWN,DOWN,DOWN,-,-,NORMAL,0.88,link_down
alarm_00178,current_alarm_snapshot,2026-05-04 17:57:19,CRITICAL,asset_5235efd7d0,CA,Physical Port Down,2018-01-09 02:03:59,2018-01-09 02:03:59,72903.89,1,SHUTDOWN,DOWN,DOWN,-,-,NORMAL,0.88,link_down
alarm_00179,current_alarm_snapshot,2026-05-04 17:57:19,CRITICAL,asset_5235efd7d0,CA,Physical Port Down,2018-01-09 02:04:01,2018-01-09 02:04:01,72903.89,1,SHUTDOWN,DOWN,DOWN,-,-,NORMAL,0.88,link_down
alarm_00180,current_alarm_snapshot,2026-05-04 17:57:19,CRITICAL,asset_5235efd7d0,CA,Physical Port Down,2018-01-09 02:04:02,2018-01-09 02:04:02,72903.89,1,SHUTDOWN,DOWN,DOWN,-,-,NORMAL,0.88,link_down
alarm_00181,current_alarm_snapshot,2026-05-04 17:57:19,CRITICAL,asset_5235efd7d0,CA,Physical Port Down,2018-01-09 02:04:03,2018-01-09 02:04:03,72903.89,1,SHUTDOWN,DOWN,DOWN,-,-,NORMAL,0.88,link_down
alarm_00182,current_alarm_snapshot,2026-05-04 17:57:19,CRITICAL,asset_5235efd7d0,CA,Physical Port Down,2018-01-09 02:04:05,2018-01-09 02:04:05,72903.89,1,SHUTDOWN,DOWN,DOWN,-,-,NORMAL,0.88,link_down
alarm_00183,current_alarm_snapshot,2026-05-04 17:57:19,CRITICAL,asset_ea13d97725,CA,Physical Port Down,2018-01-12 00:07:35,2018-01-12 00:07:35,72833.83,1,LOS,DOWN,UP,-,-,NORMAL,0.88,link_down
alarm_00184,current_alarm_snapshot,2026-05-04 17:57:19,CRITICAL,asset_ea13d97725,CA,Physical Port Down,2018-01-12 00:07:35,2018-01-12 00:07:35,72833.83,1,LOS,DOWN,UP,-,-,NORMAL,0.88,link_down
alarm_00185,current_alarm_snapshot,2026-05-04 17:57:19,CRITICAL,asset_ea13d97725,CA,Physical Port Down,2018-01-12 00:07:36,2018-01-12 00:07:36,72833.83,1,LOS,DOWN,UP,-,-,NORMAL,0.88,link_down
alarm_00186,current_alarm_snapshot,2026-05-04 17:57:19,CRITICAL,asset_5235efd7d0,CA,Physical Port Down,2018-01-12 00:07:36,2018-01-12 00:07:36,72833.83,1,LOS,DOWN,UP,-,-,NORMAL,0.88,link_down
alarm_00187,current_alarm_snapshot,2026-05-04 17:57:19,CRITICAL,asset_5235efd7d0,CA,Physical Port Down,2018-01-12 00:07:36,2018-01-12 00:07:36,72833.83,1,LOS,DOWN,UP,-,-,NORMAL,0.88,link_down
alarm_00188,current_alarm_snapshot,2026-05-04 17:57:19,CRITICAL,asset_5235efd7d0,CA,Physical Port Down,2018-01-12 00:07:36,2018-01-12 00:07:36,72833.83,1,LOS,DOWN,UP,-,-,NORMAL,0.88,link_down
alarm_00189,current_alarm_snapshot,2026-05-04 17:57:19,CRITICAL,asset_ea13d97725,CA,Physical Port Down,2018-01-12 00:07:37,2018-01-12 00:07:37,72833.83,1,LOS,DOWN,UP,-,-,NORMAL,0.88,link_down
alarm_00190,current_alarm_snapshot,2026-05-04 17:57:19,CRITICAL,asset_5235efd7d0,CA,Physical Port Down,2018-01-12 00:07:37,2018-01-12 00:07:37,72833.83,1,LOS,DOWN,UP,-,-,NORMAL,0.88,link_down
alarm_00191,current_alarm_snapshot,2026-05-04 17:57:19,CRITICAL,asset_ea13d97725,CA,Physical Port Down,2018-01-12 00:13:49,2018-01-12 00:13:49,72833.73,1,SHUTDOWN,DOWN,DOWN,-,-,NORMAL,0.88,link_down
alarm_00192,current_alarm_snapshot,2026-05-04 17:57:19,CRITICAL,asset_ea13d97725,CA,Physical Port Down,2018-01-12 00:13:49,2018-01-12 00:13:49,72833.73,1,SHUTDOWN,DOWN,DOWN,-,-,NORMAL,0.88,link_down
alarm_00193,current_alarm_snapshot,2026-05-04 17:57:19,CRITICAL,asset_ea13d97725,CA,Physical Port Down,2018-01-12 00:13:50,2018-01-12 00:13:50,72833.72,1,SHUTDOWN,DOWN,DOWN,-,-,NORMAL,0.88,link_down
alarm_00194,current_alarm_snapshot,2026-05-04 17:57:19,CRITICAL,asset_ea13d97725,CA,Physical Port Down,2018-01-12 00:13:51,2018-01-12 00:13:51,72833.72,1,SHUTDOWN,DOWN,DOWN,-,-,NORMAL,0.88,link_down
alarm_00195,current_alarm_snapshot,2026-05-04 17:57:19,CRITICAL,asset_ea13d97725,CA,Physical Port Down,2018-01-12 00:13:53,2018-01-12 00:13:53,72833.72,1,SHUTDOWN,DOWN,DOWN,-,-,NORMAL,0.88,link_down
alarm_00196,current_alarm_snapshot,2026-05-04 17:57:19,CRITICAL,asset_ea13d97725,CA,Physical Port Down,2018-01-12 00:13:54,2018-01-12 00:13:54,72833.72,1,SHUTDOWN,DOWN,DOWN,-,-,NORMAL,0.88,link_down
alarm_00197,current_alarm_snapshot,2026-05-04 17:57:19,CRITICAL,asset_5235efd7d0,CA,Physical Port Down,2018-01-12 02:01:46,2018-01-12 02:01:46,72831.93,1,SHUTDOWN,DOWN,DOWN,-,-,NORMAL,0.88,link_down
alarm_00198,current_alarm_snapshot,2026-05-04 17:57:19,CRITICAL,asset_5235efd7d0,CA,Physical Port Down,2018-01-12 02:01:46,2018-01-12 02:01:46,72831.93,1,SHUTDOWN,DOWN,DOWN,-,-,NORMAL,0.88,link_down
alarm_00199,current_alarm_snapshot,2026-05-04 17:57:19,CRITICAL,asset_5235efd7d0,CA,Physical Port Down,2018-01-12 02:01:47,2018-01-12 02:01:47,72831.93,1,SHUTDOWN,DOWN,DOWN,-,-,NORMAL,0.88,link_down
alarm_00200,current_alarm_snapshot,2026-05-04 17:57:19,CRITICAL,asset_5235efd7d0,CA,Physical Port Down,2018-01-12 02:01:48,2018-01-12 02:01:48,72831.93,1,SHUTDOWN,DOWN,DOWN,-,-,NORMAL,0.88,link_down
